address,latitude,longitude
"부산광역시 강서구 제도로 750, (강동동) 1층",0,0
"부산광역시 강서구 미음산단로 9, (구랑동)",0,0
부산광역시 강서구 생곡로 26 점포 (녹산동) 점포,0,0
부산광역시 강서구 녹산동 1492-1번지 1층,0,0
부산광역시 강서구 녹산동 562-4번지,0,0
"부산광역시 강서구 대저로274번길 35, (대저1동) 1층",0,0
"부산광역시 강서구 대저중앙로 353, (대저1동)",0,0
부산광역시 강서구 대저중앙로 208 (대저1동),0,0
부산광역시 강서구 낙동북로 175 강서LPG충전소 (대저1동) 강서LPG충전소,0,0
"부산광역시 강서구 공항로811번가길 60, (대저2동) 1층",0,0
"부산광역시 강서구 공항앞길221번길 7, (대저2동)",0,0
"부산광역시 강서구 유통단지1로 41, (대저2동) 104호",0,0
부산광역시 강서구 대저2동 2798-1번지,0,0
부산광역시 강서구 공항진입로 108 (대저2동),0,0
"부산광역시 강서구 공항로811번가길 60, (대저2동) 1층",0,0
"부산광역시 강서구 경전철로 34, 1층(대저2동) 1층",0,0
부산광역시 강서구 대저동서로 229 (대저2동),0,0
부산광역시 강서구 맥도강변길 905 (대저2동),0,0
부산광역시 강서구 맥도길 161 (대저2동),0,0
부산광역시 강서구 대저2동 2806-1번지,0,0
부산광역시 강서구 공항로569번길 22 (대저2동),0,0
"부산광역시 강서구 유통단지1로 50, 부산티플렉스지원 시설(대저2동) 다동 107호",0,0
부산광역시 강서구 동선1길 124 (동선동),0,0
"부산광역시 강서구 명지오션시티11로 22, 명지두산위브",0,0
"부산광역시 강서구 명지오션시티4로 60, (명지동)",0,0
부산광역시 강서구 명지동 1746-2번지,0,0
"부산광역시 강서구 명지국제11로 51, (명지동)",0,0
부산광역시 강서구 명지동 1866-9번지 1층,0,0
"부산광역시 강서구 명지오션시티11로 22, 명지두산위브",0,0
부산광역시 강서구 명지동 1649-2번지,0,0
부산광역시 강서구 명지동 3404번지 1층,0,0
부산광역시 강서구 명지동 2157-3번지 1층 1동 1호,0,0
"부산광역시 강서구 명지국제8로 240, (명지동) 1층 101호",0,0
부산광역시 강서구 명지동 1863-2번지,0,0
"부산광역시 강서구 명지국제7로 133, (명지동) 1층 20호",0,0
부산광역시 강서구 명지동 2211번지,0,0
부산광역시 강서구 명지동 1094-4번지 1층,0,0
"부산광역시 강서구 명지동 3432-3번지, 판매시설B동",0,0
부산광역시 강서구 명지동 3479-1,0,0
"부산광역시 강서구 명지오션시티8로34번길 2, (명지동)",0,0
부산광역시 강서구 명지국제5로 90 (명지동) 중흥S-클래스에듀오션 1층 231동 101호 102호,0,0
"부산광역시 강서구 명지오션시티11로 51, 상가(323)동 301-9~10호(명지동, 영어도시퀸덤1차) 1층",0,0
"부산광역시 강서구 명지오션시티10로 16 (명지동, 영어도시퀸덤1차) 상가(222)동 234-5호 1층",0,0
부산광역시 강서구 명지오션시티6로 33 엘크루블루오션 C2동 B114호 1층,0,0
"부산광역시 강서구 가락대로961번길 54, (범방동)",0,0
"부산광역시 강서구 범방3로 76, (범방동)",0,0
"부산광역시 강서구 신항남로 330 (성북동) 현장매점, PSA부산산항국제터미널(주) 1층",0,0
"부산광역시 강서구 녹산산단232로 38-25, (송정동) 1층",0,0
"부산광역시 강서구 녹산산단335로 24-8, 101호(송정동)",0,0
부산광역시 강서구 녹산산단335로 12-7 태흥빌딩 (송정동) 태흥빌딩 1층,0,0
"부산광역시 강서구 신호산단2로 33, 골든뷰 (신호동) 1층 104호",0,0
부산광역시 강서구 신호산단1로 76,0,0
"부산광역시 강서구 신호산단1로 215, 새미래오피스텔 빌딩(신호동) 1층 104호",0,0
부산광역시 강서구 신호산단1로 124,0,0
"부산광역시 강서구 신호산단4로 27, (신호동, 부산신호사랑으로부영2차아파트)",0,0
"부산광역시 강서구 신호산단2로 33, 골든뷰 (신호동) 1층 104호",0,0
"부산광역시 강서구 신호산단5로 61, (신호동)",0,0
부산광역시 강서구 호계로 23 (죽림동),0,0
"부산광역시 강서구 과학산단로306번길 10 (지사동, 협성·DS엘리시안) 1층 117동 101,102호",0,0
"부산광역시 강서구 과학산단2로20번길 22, (지사동)",0,0
부산광역시 강서구 과학산단2로3번길 56 (지사동),0,0
부산광역시 강서구 과학산단2로20번길 69 지사금강펜테리움,0,0
"부산광역시 강서구 거가대로 2571, (천성동)",0,0
부산광역시 강서구 가덕해안로 761 (천성동),0,0
"부산광역시 금정구 금단로 33, (구서동, 경보) 1층 102호",0,0
"부산광역시 금정구 금강로 494, 구서골드 상가(구서동) 1층 101, 104호",0,0
부산광역시 금정구 구서동 201-9번지,0,0
"부산광역시 금정구 금정로233번길 81, (구서동)",0,0
"부산광역시 금정구 수림로72번길 134, (구서동, 미강빌라) 1층 103호",0,0
"부산광역시 금정구 금단로 33, (구서동, 경보) 1층 102호",0,0
부산광역시 금정구 중앙대로1930번길 11,0,0
부산광역시 금정구 구서중앙로44번길 32,0,0
부산광역시 금정구 금강로647번길 46 (남산동),0,0
부산광역시 금정구 남산동 140-1번지,0,0
"부산광역시 금정구 범어천로38번길 4, (남산동) 1층",0,0
"부산광역시 금정구 팔송로39번길 82, (남산동)",0,0
부산광역시 금정구 남산로 11 (남산동),0,0
부산광역시 금정구 금강로647번길 46 (남산동),0,0
"부산광역시 금정구 학산로 1, (남산동) 1층",0,0
"부산광역시 금정구 범어천로 14, (남산동) 1층",0,0
부산광역시 금정구 금강로633번길 49 (남산동),0,0
부산광역시 금정구 금샘로485번길 65 부산외국어대학교 (남산동) 부산외국어대학교,0,0
"부산광역시 금정구 중앙대로1985번길 33 (남산동, 주영아트빌라) 주영아트빌라",0,0
부산광역시 금정구 체육공원로 601 1층 1동,0,0
부산광역시 금정구 금정도서관로 108 영락공원 (두구동) 영락공원,0,0
부산광역시 금정구 무학송로 82 (부곡동),0,0
"부산광역시 금정구 중앙대로1778번길 37, (부곡동)",0,0
"부산광역시 금정구 부곡로 28, (부곡동) 1층 101호",0,0
"부산광역시 금정구 부곡로126번길 20, (부곡동)",0,0
부산광역시 금정구 수림로20번길 33,0,0
부산광역시 금정구 무학송로 82 (부곡동),0,0
"부산광역시 금정구 중앙대로1667번길 8, (부곡동) 우신뉴타운아파트",0,0
"부산광역시 금정구 중앙대로1719번길 37, (부곡동)",0,0
부산광역시 금정구 동현로 50,0,0
부산광역시 금정구 부곡동 267-6번지,0,0
"부산광역시 금정구 수림로 25, (부곡동, 쌍용) 1층",0,0
"부산광역시 금정구 금단로 33, (구서동, 경보) 1층 102호",0,0
"부산광역시 금정구 금강로 494, 구서골드 상가(구서동) 1층 101, 104호",0,0
부산광역시 금정구 구서동 201-9번지,0,0
"부산광역시 금정구 금정로233번길 81, (구서동)",0,0
"부산광역시 금정구 수림로72번길 134, (구서동, 미강빌라) 1층 103호",0,0
"부산광역시 금정구 금단로 33, (구서동, 경보) 1층 102호",0,0
부산광역시 금정구 중앙대로1930번길 11,0,0
부산광역시 금정구 구서중앙로44번길 32,0,0
"부산광역시 금정구 서곡로34번길 72 (서동, 백산상가빌라) 백산상가빌라",0,0
부산광역시 금정구 금사로 15,0,0
부산광역시 금정구 두실로15번길 90 (구서동),0,0
부산광역시 금정구 서동로 131 (서동),0,0
"부산광역시 금정구 개좌로 33, (서동)",0,0
"부산광역시 금정구 식물원로 64 (장전동, 금정산에스케이뷰아파트) 금정산에스케이뷰아파트",0,0
"부산광역시 금정구 수림로72번길 21, (장전동, 금정산2차쌍용예가아파트) 1층 상가동 108,109호",0,0
"부산광역시 금정구 금강로321번길 61, (장전동)",0,0
"부산광역시 금정구 부산대학로 45-1, (장전동)",0,0
"부산광역시 금정구 장전온천천로 48 (장전동, 지하철역사내)",0,0
"부산광역시 금정구 식물원로 64 (장전동, 금정산에스케이뷰아파트) 금정산에스케이뷰아파트",0,0
"부산광역시 금정구 온천장로 143, 장전동 (장전동) 1층",0,0
부산광역시 금정구 식물원로9번길 20 (장전동) 1층 101호,0,0
"부산광역시 금정구 장전로 10, (장전동)",0,0
부산광역시 금정구 장전온천천로89번길 24 (장전동),0,0
"부산광역시 금정구 금강로279번길 2, (장전동)",0,0
부산광역시 금정구 부산대학로64번길 147 1층,0,0
"부산광역시 금정구 장전온천천로 127 (장전동, 서주빌라) 서주빌라",0,0
"부산광역시 금정구 금강로 209, 장전동 1(장전동) 1층 2호",0,0
"부산광역시 금정구 중앙대로 2120, (청룡동, 협성엠파이어)",0,0
"부산광역시 금정구 개좌로 233, (회동동)",0,0
부산광역시 기장군 기장읍 차성로436번길 12,0,0
부산광역시 기장군 기장읍 교리 326-3번지,0,0
"부산광역시 기장군 기장읍 대청로 45, (대라리) 1층",0,0
"부산광역시 기장군 기장읍 차성동로 163, 기장읍 (교리)",0,0
부산광역시 기장군 기장읍 차성로249번길 9 (대라리),0,0
부산광역시 기장군 기장읍 차성로436번길 12,0,0
"부산광역시 기장군 기장읍 차성남로 58, TOD아파트 (대라리) 1층",0,0
부산광역시 기장군 기장읍 동부산관광9로 22 (시랑리),0,0
부산광역시 기장군 기장읍 연화1길 21 1층 101호,0,0
부산광역시 기장군 기장읍 기장해안로 108 에이원오션시티 (시랑리) 에이원오션시티,0,0
부산광역시 기장군 기장읍 차성로321번길 15 월드파크빌 1층 101호,0,0
"부산광역시 기장군 기장읍 차성서로 102, (대라리)",0,0
부산광역시 기장군 기장읍 소정안길 68 내리휴먼시아,0,0
"부산광역시 기장군 기장읍 기장해안로 583, (대변리) 1층",0,0
"부산광역시 기장군 기장읍 차성로326번길 13, (동부리)",0,0
"부산광역시 기장군 기장읍 차성동로 63, (대라리)",0,0
부산광역시 기장군 기장읍 연화리 486-3번지,0,0
"부산광역시 기장군 일광면 일광로 609, (신평리)",0,0
부산광역시 기장군 일광면 해빛2로 24 일광동원비스타1차,0,0
"부산광역시 기장군 일광면 해송1로 33, (이천리)",0,0
부산광역시 기장군 일광면 삼성리 781-4번지,0,0
부산광역시 기장군 해빛4로 1(일광면) 일광이지더원1차 APT,0,0
"부산광역시 기장군 일광면 일광로 609, (신평리)",0,0
부산광역시 기장군 일광면 해빛1로 62 1층 213동 102호,0,0
"부산광역시 기장군 일광면 이화로 166, (화전리)",0,0
"부산광역시 기장군 장안읍 해맞이로 432, (길천리)",0,0
"부산광역시 기장군 장안읍 명례산단3로 13-64, (명례리)",0,0
부산광역시 기장군 장안읍 장안산단9로 123,0,0
부산광역시 기장군 장안읍 장안로 8 팔로스프라자,0,0
"부산광역시 기장군 정관읍 산단2로 60 (달산리, 정관신도시엘에이치5단지) 정관신도시엘에이치5단지",0,0
"부산광역시 기장군 정관읍 구연방곡로 120, (방곡리)",0,0
"부산광역시 기장군 정관읍 산단1로 115, (달산리)",0,0
"부산광역시 기장군 정관읍 정관3로 23, (모전리, 정관동일스위트2차아파트) 1층",0,0
"부산광역시 기장군 정관읍 산단4로 139, (달산리, 동원로얄듀크1차)",0,0
"부산광역시 기장군 정관읍 산단2로 60 (달산리, 정관신도시엘에이치5단지) 정관신도시엘에이치5단지",0,0
"부산광역시 기장군 정관읍 모전1길 36, (모전리) 1층",0,0
"부산광역시 기장군 정관읍 방곡2로 7, (방곡리)",0,0
"부산광역시 기장군 정관읍 정관2로 40 (모전리, 정관신도시현진에버빌) 정관신도시현진에버빌",0,0
부산광역시 기장군 정관읍 정관로 925,0,0
부산광역시 기장군 정관읍 정관6로 39 큐엠시네마 1층 116호,0,0
"부산광역시 기장군 정관읍 정관로 350, (모전리, 이지더원3차아파트)",0,0
"부산광역시 기장군 정관읍 정관로 829, (예림리)",0,0
"부산광역시 기장군 정관읍 구연4로 20, (매학리)",0,0
"부산광역시 기장군 가동3로 2, (용수리)",0,0
"부산광역시 기장군 정관읍 달산2길 23, (매학리)",0,0
"부산광역시 기장군 정관읍 산단4로 160, (달산리, 정관신도시엘에이치4단지아파트)",0,0
"부산광역시 기장군 철마면 여락송정로 322, 현대부동산 (송정리)",0,0
"부산광역시 기장군 철마면 고촌로 58, (고촌리) 1층",0,0
부산광역시 남구 북항로 147 (감만동),0,0
"부산광역시 남구 북항로 59, 감만부두내 (감만동) 1층",0,0
부산광역시 남구 양지골로 340 (감만동) 1층 제 나동호,0,0
"부산광역시 남구 수영로325번길 11, (대연동, 마로니에타운)",0,0
부산광역시 남구 수영로 309 경성대학교 (대연동) 경성대학교,0,0
"부산광역시 남구 수영로 312, 센츄리시티오피스텔 21 대연동(대연동) 2층 203동 1호",0,0
"부산광역시 남구 용소로7번길 6, (대연동)",0,0
"부산광역시 남구 수영로 159, 대연동 (대연동) 1층",0,0
"부산광역시 남구 수영로325번길 11, (대연동, 마로니에타운)",0,0
"부산광역시 남구 용소로7번길 112, (대연동) 토탈하우스",0,0
부산광역시 남구 유엔로 121 갯마을횟집 1층,0,0
부산광역시 남구 수영로 294 대연동동일스위트,0,0
"부산광역시 남구 유엔평화로4번길 74, 대연동 (대연동)",0,0
부산광역시 남구 용소로8번길 48 (대연동) 1층 101호,0,0
부산광역시 남구 유엔로201번길 57,0,0
"부산광역시 남구 황령대로319번가길 159, 우리가마트 (대연동)",0,0
"부산광역시 남구 유엔평화로 16, (대연동)",0,0
"부산광역시 남구 수영로220번길 8, (대연동) 1층",0,0
"부산광역시 남구 황령대로319번길 26 (대연동, 대연경동메르빌아파트) 대연경동메르빌아파트",0,0
부산광역시 남구 용소로13번길 72 머리사랑,0,0
"부산광역시 남구 유엔로157번길 7, (대연동)",0,0
"부산광역시 남구 진남로 18, (대연동)",0,0
부산광역시 남구 대연동 1160-33번지,0,0
"부산광역시 남구 수영로266번길 69, (대연동)",0,0
부산광역시 남구 대연동 455-22번지 부경대힉교,0,0
"부산광역시 남구 용소로 45, 부경대학교 미래관(대연동) 1층",0,0
"부산광역시 남구 용소로19번길 26, (대연동)",0,0
부산광역시 남구 진남로46번길 3 더샵월드타워,0,0
"부산광역시 남구 수영로322번길 22, (대연동)",0,0
"부산광역시 남구 유엔로201번길 41, (대연동) 1층",0,0
부산광역시 남구 문현로 36-1 (문현동),0,0
"부산광역시 남구 고동골로78번길 64, 문현동 (문현동) 1층",0,0
"부산광역시 남구 우암로 380, 필지(문현동)",0,0
부산광역시 남구 고동골로 70 아우성책비디오 (문현동) 아우성책비디오,0,0
"부산광역시 남구 전포대로20번길 15 (문현동, 문현동삼성아파트) 문현동삼성아파트",0,0
부산광역시 남구 문현로 36-1 (문현동),0,0
"부산광역시 남구 전포대로91번길 27, (문현동)",0,0
"부산광역시 남구 진남로198번길 9-1 (문현동, 현대아파트) 현대아파트",0,0
부산광역시 남구 문현금융로 40 부산국제금융센터 1층 A동 104호,0,0
부산광역시 남구 수영로39번길 29-14,0,0
부산광역시 남구 진남로 210,0,0
"부산광역시 남구 신선로447번길 9, (용당동) 1층",0,0
"부산광역시 남구 신선로 428, (용당동, 동명대학교건축디자인관)",0,0
"부산광역시 남구 신선로 428, 명대학교 동내 동명쉼터앞(용당동)",0,0
"부산광역시 남구 신선로 428, 동명대학교 (용당동) 1층",0,0
부산광역시 남구 신선로 294 (용당동),0,0
"부산광역시 남구 신선로447번길 9, (용당동) 1층",0,0
"부산광역시 남구 오륙도로 85, 제상가(용호동, 오륙도에스케이뷰아파트) 1층 109호",0,0
"부산광역시 남구 용호로 254, (용호동)",0,0
부산광역시 남구 동명로 108 원세탁할인마트 (용호동) 원세탁할인마트,0,0
"부산광역시 남구 용호로197번길 12, (용호동)",0,0
부산광역시 남구 용호로42번길 19,0,0
"부산광역시 남구 오륙도로 85, 제상가(용호동, 오륙도에스케이뷰아파트) 1층 109호",0,0
"부산광역시 남구 용호로 216, (용호동)",0,0
부산광역시 남구 동명로 171 J할인마트,0,0
"부산광역시 남구 용호로178번길 16, (용호동)",0,0
"부산광역시 남구 분포로 115, 힐탑상가 (용호동)",0,0
부산광역시 남구 용호동 954번지외 3필지 더블유스퀘어,0,0
"부산광역시 남구 유엔로 14, (우암동)",0,0
부산광역시 남구 우암로154번길 36-7 (우암동),0,0
"부산광역시 남구 오륙도로 85, 제상가(용호동, 오륙도에스케이뷰아파트) 1층 109호",0,0
"부산광역시 남구 용호로 254, (용호동)",0,0
부산광역시 남구 동명로 108 원세탁할인마트 (용호동) 원세탁할인마트,0,0
"부산광역시 남구 용호로197번길 12, (용호동)",0,0
부산광역시 남구 용호로42번길 19,0,0
"부산광역시 남구 오륙도로 85, 제상가(용호동, 오륙도에스케이뷰아파트) 1층 109호",0,0
"부산광역시 남구 용호로 216, (용호동)",0,0
부산광역시 남구 동명로 171 J할인마트,0,0
"부산광역시 남구 용호로178번길 16, (용호동)",0,0
"부산광역시 남구 분포로 115, 힐탑상가 (용호동)",0,0
부산광역시 남구 용호동 954번지외 3필지 더블유스퀘어,0,0
"부산광역시 동구 자성로133번길 6, 범일(범일동, 진흥마제스타워범일) 1층 1동 1호",0,0
부산광역시 동구 중앙대로 539 (범일동) 서면 베스티움 더 시티 1층 상가동 102호,0,0
"부산광역시 동구 조방로 42번길 2, 1층 1층",0,0
"부산광역시 동구 범일로 97-1, (범일동)",0,0
"부산광역시 동구 자성로116번길 2, (범일동, 두산위브포세이돈2차아파트) 1층",0,0
"부산광역시 동구 자성로133번길 6, 범일(범일동, 진흥마제스타워범일) 1층 1동 1호",0,0
"부산광역시 동구 범일로 41, (범일동, 범일엘에이치오션브릿지)",0,0
"부산광역시 동구 범일로90번길 12-1, (범일동)",0,0
"부산광역시 동구 조방로 14, 범일동동일타워 115(범일동)",0,0
부산광역시 동구 중앙대로 357 (수정동) 협성휴포레부산진역APT,0,0
"부산광역시 동구 망양로 836, (수정동) 1층",0,0
부산광역시 동구 수정로 28-1 1층,0,0
부산광역시 동구 진성로 75-2,0,0
부산광역시 동구 홍곡로 47,0,0
부산광역시 동구 중앙대로 357 (수정동) 협성휴포레부산진역APT,0,0
부산광역시 동구 중앙대로 357 (수정동) 협성휴포레부산진역APT,0,0
"부산광역시 동구 망양로 836, (수정동) 1층",0,0
부산광역시 동구 수정로 28-1 1층,0,0
부산광역시 동구 진성로 75-2,0,0
부산광역시 동구 홍곡로 47,0,0
부산광역시 동구 중앙대로 357 (수정동) 협성휴포레부산진역APT,0,0
"부선광역시 동구 자성로 2, 104동 103호",0,0
부산광역시 동구 진성로 36,0,0
"부선광역시 동구 자성로 2, 104동 103호",0,0
부산광역시 동구 진성로 36,0,0
"부산광역시 동구 중앙대로 206, 부산지하철역내 (초량동)",0,0
"부산광역시 동구 중앙대로196번길 10, (초량동, 부산역라마다앙코르호텔)",0,0
부산광역시 동구 충장대로 160 (초량동),0,0
부산광역시 동구 충장대로 160 (초량동),0,0
부산광역시 동구 중앙대로 209 (초량동),0,0
"부산광역시 동구 중앙대로 206, 부산지하철역내 (초량동)",0,0
부산광역시 동구 중앙대로 243-15(초량동) 1층,0,0
부산광역시 동구 중앙대로286번길 4,0,0
부산광역시 동구 중앙대로214번길 3-2,0,0
부산광역시 동구 망양로 608,0,0
"부산광역시 동구 중앙대로196번길 6-14, (초량동)",0,0
부산광역시 동구 초량중로 73-1,0,0
"부산광역시 동구 초량중로 34, (초량동)",0,0
부산광역시 동구 고관로 40 1층 B203호,0,0
부산광역시 동래구 충렬대로 187 대동병원 (명륜동) 대동병원,0,0
부산광역시 동래구 명륜로 128-1 (명륜동),0,0
"부산광역시 동래구 명륜로94번길 31, (명륜동) 1층",0,0
"부산광역시 동래구 충렬대로 188-16, 1호 필지(명륜동)",0,0
부산광역시 동래구 명륜로207번길 41 (명륜동),0,0
부산광역시 동래구 충렬대로 187 대동병원 (명륜동) 대동병원,0,0
"부산광역시 동래구 명륜로 202, (명륜동)",0,0
부산광역시 동래구 명륜로217번길 2 (명륜동),0,0
"부산광역시 동래구 온천천로 147, (명륜동) 1층",0,0
"부산광역시 동래구 명서로 162, (명장동)",0,0
"부산광역시 동래구 명안로72번길 40 (명장동, 무지개아파트) 무지개아파트",0,0
"부산광역시 동래구 명장로64번길 6, (명장동) 창신아파트",0,0
부산광역시 동래구 아시아드대로195번길 21 (사직동),0,0
"부산광역시 동래구 아시아드대로146번길 1 (사직동) 1층 201동 101,102호",0,0
부산광역시 동래구 중앙대로1277번길 59 (사직동),0,0
"부산광역시 동래구 쇠미로81번길 22 (사직동, 사직2차삼정그린코아아파트) 사직2차삼정그린코아아파트",0,0
부산광역시 동래구 사직동 11-9번지,0,0
부산광역시 동래구 아시아드대로195번길 21 (사직동),0,0
"부산광역시 동래구 석사로 46, (사직동) 1층",0,0
"부산광역시 동래구 사직북로 4, 사직동자이언츠파크 (사직동)",0,0
"부산광역시 동래구 사직북로 32, (사직동) 1층",0,0
부산광역시 동래구 여고로 8-1 (사직동),0,0
부산광역시 동래구 사직북로19번길 50 (사직동),0,0
"부산광역시 동래구 충렬대로202번길 37, 바동 1층 101호 (수안동, 새동래2차아파트)",0,0
"부산광역시 동래구 충렬대로 236, (수안동)",0,0
부산광역시 동래구 안연로 58 (안락동),0,0
부산광역시 동래구 연안로 74 (안락동) 안락뜨란채 2단지 아파트 상가 101호,0,0
"부산광역시 동래구 충렬대로 487, (안락동, 안락에스케이아파트)",0,0
"부산광역시 동래구 안남로 119, (안락동)",0,0
부산광역시 동래구 명안로9번길 86 (안락동),0,0
부산광역시 동래구 안연로 58 (안락동),0,0
"부산광역시 동래구 명안로39번길 85, (안락동)",0,0
부산광역시 동래구 충렬대로410번길 45 (안락동),0,0
부산광역시 동래구 삼어로 9 안락동현대아파트,0,0
"부산광역시 동래구 중앙대로1307번길 24, (온천동, 시티파크)",0,0
"부산광역시 동래구 충렬대로126번길 5, (온천동) 1층",0,0
부산광역시 동래구 금정마을로 150 1층 상가 225동 106호,0,0
부산광역시 동래구 온천동 1775-30번지,0,0
"부산광역시 동래구 충렬대로107번길 108, (온천동)",0,0
"부산광역시 동래구 중앙대로1307번길 24, (온천동, 시티파크)",0,0
부산광역시 동래구 중앙대로 1324번지 동래지하철역사 내,0,0
"부산광역시 동래구 금강공원로 31-1, (온천동) 1층",0,0
부산광역시 동래구 온천동 1317-2번지,0,0
부산광역시 동래구 충렬대로108번길 37 (온천동),0,0
부산광역시 동래구 아시아드대로220번길 49,0,0
부산광역시 동래구 중앙대로 1520 도시철도온천장역 (온천동) 도시철도온천장역,0,0
부산광역시 동래구 중앙대로1335번길 41 (온천동),0,0
"부산광역시 동래구 금강로74번길 21, (온천동)",0,0
"부산광역시 동래구 중앙대로 1523 (온천동, SK허브스카이위아아파트) 1층 A1동 43,44호",0,0
부산광역시 동래구 미남로132번길 13 (온천동),0,0
"부산광역시 동래구 아시아드대로 234, (온천동, 반도보라스카이뷰)",0,0
"부산광역시 동래구 온천장로107번길 38-5, (온천동) 1층 1동 1호",0,0
부산광역시 동래구 차밭골로20번길 43 (온천동),0,0
"부산광역시 동래구 명륜로112번길 115, (칠산동)",0,0
부산광역시 부산진구 엄광로 143 대도운수 (가야동),0,0
부산광역시 부산진구 냉정로 262,0,0
"부산광역시 부산진구 가야대로 594, (가야동)",0,0
부산광역시 부산진구 냉정로 233 (가야동),0,0
"부산광역시 부산진구 가야대로572번길 40, (가야동)",0,0
부산광역시 부산진구 엄광로 143 대도운수 (가야동),0,0
부산광역시 부산진구 가야대로552번길 103,0,0
"부산광역시 부산진구 엄광로 176, 효민관 (가야동)",0,0
"부산광역시 부산진구 엄광로 176, 인문관 (가야동) 1층",0,0
부산광역시 부산진구 엄광로 180,0,0
"부산광역시 부산진구 가야대로572번가길 26, (가야동, 푸른마을)",0,0
"부산광역시 부산진구 엄광로 176, 수덕전 (가야동)",0,0
"부산광역시 부산진구 엄광로 215, (가야동)",0,0
"부산광역시 부산진구 복지로13번길 20 (개금동, 현진아트빌) 현진아트빌",0,0
"부산광역시 부산진구 백양관문로77번길 51 (개금동, 동원화인패밀리타운) 116호 1층",0,0
"부산광역시 부산진구 개금본동로9번길 77 (개금동, 우진아파트) 1층 상가동 101호",0,0
"부산광역시 부산진구 개금온정로 6, (개금동)",0,0
부산광역시 부산진구 개금동 451-12번지,0,0
"부산광역시 부산진구 복지로13번길 20 (개금동, 현진아트빌) 현진아트빌",0,0
부산광역시 부산진구 백양대로208번길 23 (개금동),0,0
"부산광역시 부산진구 냉정로 161, (개금동)",0,0
"부산광역시 부산진구 백양대로300번길 20, (개금동, 신개금엘지2단지아파트)",0,0
"부산광역시 부산진구 백양순환로 30, (당감동) 1층 1동 1호",0,0
"부산광역시 부산진구 당감로17번길 90, (당감동) 1층",0,0
부산광역시 부산진구 백양관문로 106 (당감동),0,0
부산광역시 부산진구 당감로 63 (당감동),0,0
"부산광역시 부산진구 가야대로 715, (당감동)",0,0
"부산광역시 부산진구 백양순환로 30, (당감동) 1층 1동 1호",0,0
"부산광역시 부산진구 백양대로136번길 41, (당감동)",0,0
부산광역시 부산진구 가야대로679번길 146 (당감동),0,0
부산광역시 부산진구 범전동 386-64번지,0,0
"부산광역시 부산진구 새싹로 82-3, (범전동) 1층 1동 1호",0,0
부산광역시 부산진구 중앙대로 821 (범전동),0,0
부산광역시 부산진구 범천로 22 범내골역한라비발디STUDIO422 (범천동) 범내골역한라비발디STUDIO422,0,0
"부산광역시 부산진구 황령대로 1, (범천동) 1층 1동 1호",0,0
"부산광역시 부산진구 범일로192번길 54, (범천동, 대원상가)",0,0
"부산광역시 부산진구 범일로192번길 41, 101호 (범천동, 맨해튼줌시티) 1층",0,0
"부산광역시 부산진구 중앙대로 584, (범천동, 서면베르빌) 1층 311호",0,0
부산광역시 부산진구 범천로 22 범내골역한라비발디STUDIO422 (범천동) 범내골역한라비발디STUDIO422,0,0
"부산광역시 부산진구 자유평화로37번길 33, (범천동)",0,0
"부산광역시 부산진구 중앙대로 621, (범천동) 1층",0,0
"부산광역시 부산진구 범일로 166, (범천동)",0,0
부산광역시 부산진구 범일로131번길 56 (범천동) 1층,0,0
"부산광역시 부산진구 신암로 69-1, (범천동)",0,0
"부산광역시 부산진구 중앙대로 633, (범천동)",0,0
"부산광역시 부산진구 황령대로 13, 한라시그마 (범천동) 1층 1동 103, 104호",0,0
부산광역시 부산진구 동평로 113 (부암동),0,0
부산광역시 부산진구 백양산로53번길 24 백양산한가족 (부암동) 백양산한가족,0,0
"부산광역시 부산진구 시민공원로 11, (부암동, 쌍용스윗닷홈스카이) 1층 1동 102~105호",0,0
"부산광역시 부산진구 신천대로 204, (부암동)",0,0
"부산광역시 부산진구 당감로 89, (부암동, 화승) 1층 A동 1호",0,0
부산광역시 부산진구 동평로 113 (부암동),0,0
부산광역시 부산진구 새싹로 99 서면지원더뷰파크,0,0
"부산광역시 부산진구 시민공원로19번길 65, (부암동, 타워베르빌) 1층 1동 103호",0,0
"부산광역시 부산진구 중앙대로 786, 부전지하철역내 (부전동)",0,0
"부산광역시 부산진구 부전로111번길 14, (부전동)",0,0
"부산광역시 부산진구 새싹로 14, (부전동)",0,0
부산광역시 부산진구 중앙대로 797 (부전동,0,0
부산광역시 부산진구 새싹로8번길 26 (부전동),0,0
"부산광역시 부산진구 중앙대로 786, 부전지하철역내 (부전동)",0,0
"부산광역시 부산진구 중앙대로691번가길 23-1, 소토촌 (부전동)",0,0
"부산광역시 부산진구 중앙대로680번가길 18, (부전동) 1층",0,0
"부산광역시 부산진구 신천대로62번길 2, 102호 1층",0,0
부산광역시 부산진구 서면문화로 6 (부전동),0,0
"부산광역시 부산진구 양정로 62, (양정동) 1층",0,0
"부산광역시 부산진구 중앙대로 990, (양정동) 1층",0,0
"부산광역시 부산진구 양지로 6-1, (양정동)",0,0
"부산광역시 부산진구 거제대로36번길 27, 목화빌딩 (양정동)",0,0
"부산광역시 부산진구 중앙대로970번길 31, (양정동) 1층",0,0
"부산광역시 부산진구 양정로 62, (양정동) 1층",0,0
"부산광역시 부산진구 거제천로 58, (양정동)",0,0
"부산광역시 부산진구 중앙대로 930, 지하철역내매점 (양정동)",0,0
부산광역시 부산진구 거제대로48번길 20 (양정동),0,0
"부산광역시 부산진구 중앙대로969번길 16, 하이웰 (양정동)",0,0
"부산광역시 부산진구 동평로 372, (양정동) 1층",0,0
부산광역시 부산진구 동평로 273 금오파크뷰,0,0
부산광역시 부산진구 동평로183번길 88,0,0
"부산광역시 부산진구 초연로 11 (연지동, 연지자이2차) 연지자이2차",0,0
부산광역시 부산진구 전포대로200번길 46 금오추어탕 (전포동) 금오추어탕,0,0
"부산광역시 부산진구 전포대로 294 (전포동, 서면한신아파트) 서면한신아파트",0,0
"부산광역시 부산진구 전포대로 274, (전포동, 서면대우디오빌)",0,0
"부산광역시 부산진구 동천로 70, (전포동, 서면쌍용플래티넘) 1층",0,0
"부산광역시 부산진구 동천로132번길 34, 서면해피투모로우오피스텔 (전포동) 1층 102호",0,0
부산광역시 부산진구 전포대로200번길 46 금오추어탕 (전포동) 금오추어탕,0,0
"부산광역시 부산진구 전포대로246번길 6, (전포동)",0,0
"부산광역시 부산진구 전포대로 156 (전포동, 한라비발디) 한라비발디",0,0
부산광역시 부산진구 전포동 694-5번지,0,0
"부산광역시 부산진구 전포대로171번길 12, (전포동, 서면세종그랑시아)",0,0
"부산광역시 부산진구 동성로 99-2, (전포동)",0,0
부산광역시 부산진구 서전로46번길 34 (전포동),0,0
부산광역시 부산진구 전포대로 159 (전포동),0,0
"부산광역시 부산진구 전포대로200번길 10, (전포동)",0,0
"부산광역시 부산진구 성지로 160, (초읍동) 1층",0,0
부산광역시 부산진구 성지로 62 (초읍동),0,0
"부산광역시 부산진구 성지로 102, (초읍동)",0,0
부산광역시 부산진구 새싹로 276 (초읍동),0,0
부산광역시 부산진구 초읍동 54-2번지,0,0
"부산광역시 부산진구 성지로 160, (초읍동) 1층",0,0
"부산광역시 북구 구남언덕로 19, (구포동) 1층",0,0
부산광역시 북구 백양대로 1017 한성빌딩(구포동) 한성빌딩,0,0
"부산광역시 북구 시랑로 38, (구포동)",0,0
"부산광역시 북구 낙동대로1738번길 9, 우측 (구포동) 1층",0,0
부산광역시 북구 백양대로 1156,0,0
"부산광역시 북구 구남언덕로 19, (구포동) 1층",0,0
부산광역시 북구 백양대로1050번길 26,0,0
부산광역시 북구 낙동대로 1762번길 41 1층,0,0
부산광역시 북구 모분재로 109 경동빌라,0,0
"부산광역시 북구 낙동대로1694번길 26, (구포동) 1층",0,0
부산광역시 북구 백양대로 1136 (구포동) 114동 207호 지하3층 207호,0,0
"부산광역시 북구 시랑로 75, 구포동새마을금고 (구포동)",0,0
"부산광역시 북구 팽나무로30번길 1, (구포동, 한국빌라) 101호",0,0
"부산광역시 북구 시랑로132번길 73, 하(구포동) 1층",0,0
"부산광역시 북구 시랑로 162, (구포동)",0,0
"부산광역시 북구 낙동북로 737 (구포동, 유림노르웨이숲아파트) 유림노르웨이숲아파트",0,0
부산광역시 북구 효열로 277 대영빌딩 (금곡동) 대영빌딩,0,0
"부산광역시 북구 금곡대로 432, (금곡동)",0,0
"부산광역시 북구 금곡대로616번길 57, (금곡동, 유림2차)",0,0
"부산광역시 북구 화명신도시로 255, 주공(금곡동, 율리마을주공)",0,0
"부산광역시 북구 효열로 77, (금곡동)",0,0
부산광역시 북구 효열로 277 대영빌딩 (금곡동) 대영빌딩,0,0
부산광역시 북구 효열로 211,0,0
"부산광역시 북구 금곡대로470번길 29 (금곡동, 신화명리버뷰자이) 신화명리버뷰자이",0,0
부산광역시 북구 효열로 277 대영빌딩 (금곡동) 대영빌딩,0,0
"부산광역시 북구 금곡대로 432, (금곡동)",0,0
"부산광역시 북구 금곡대로616번길 57, (금곡동, 유림2차)",0,0
"부산광역시 북구 화명신도시로 255, 주공(금곡동, 율리마을주공)",0,0
"부산광역시 북구 효열로 77, (금곡동)",0,0
부산광역시 북구 효열로 277 대영빌딩 (금곡동) 대영빌딩,0,0
부산광역시 북구 효열로 211,0,0
"부산광역시 북구 금곡대로470번길 29 (금곡동, 신화명리버뷰자이) 신화명리버뷰자이",0,0
"부산광역시 북구 만덕대로 141, 삼정그린코아아파트 1층 상가2동 3,4호",0,0
"부산광역시 북구 덕천2길 44, (덕천동) 1층",0,0
부산광역시 북구 낙동대로1781번길 1 청림빌딩 1층,0,0
부산광역시 북구 함박봉로 22 롯데아파트,0,0
부산광역시 북구 만덕대로39번길 34 (덕천동) 1층,0,0
"부산광역시 북구 만덕대로 141, 삼정그린코아아파트 1층 상가2동 3,4호",0,0
"부산광역시 북구 의성로 123, 전체(덕)",0,0
"부산광역시 북구 금곡대로 14, 덕천지하철내 (덕천동)",0,0
부산광역시 북구 의성로115번길 74 (덕천동),0,0
부산광역시 북구 의성로109번길 24 (덕천동) 1층,0,0
"부산광역시 북구 만덕대로15번길 9, (덕천동)",0,0
부산광역시 북구 만덕2로 9,0,0
"부산광역시 북구 덕천로234번길 5, (만덕동, 동원)",0,0
부산광역시 북구 만덕동 819-45번지,0,0
부산광역시 북구 상학로 36 이편한세상 금정산 1층 상가동 201호,0,0
"부산광역시 북구 만덕2로 43, (만덕동)",0,0
부산광역시 북구 만덕2로 9,0,0
"부산광역시 북구 만덕1로 82 (만덕동, 협성파크) 협성파크",0,0
"부산광역시 북구 함박봉로140번길 21, (만덕동, 만덕주공3단지아파트) 1층",0,0
부산광역시 북구 만덕2로44번길 72 (만덕동) 대성종합상가 1층 107동 101호,0,0
"부산광역시 북구 학사로 5, (화명동)",0,0
부산광역시 북구 화명신도시로 11 (화명동) 대림쌍용강변타운 1층,0,0
"부산광역시 북구 화명대로 68, 상가동 (화명동)",0,0
부산광역시 북구 양달로 78 도개공그린아파트,0,0
"부산광역시 북구 금곡대로303번길 35, 해경빌딩 (화명동) 1층 105호",0,0
"부산광역시 북구 학사로 5, (화명동)",0,0
"부산광역시 북구 산성로 33, 화명동화명동 (화명동) 400동 1호",0,0
부산광역시 북구 금곡대로285번길 30 (화명동),0,0
"부산광역시 북구 금곡대로 224 (화명동, 동원로얄듀크제주상가동)",0,0
"부산광역시 북구 금곡대로303번길 12, (화명동) 1층",0,0
"부산광역시 북구 금곡대로 166, (화명동, 화명롯데캐슬카이저)",0,0
부산광역시 북구 산성로 28 (화명동) 화명푸르지오헤리센트,0,0
"부산광역시 북구 화명대로 15, 하이페리온 (화명동) 1층 104호",0,0
"부산광역시 북구 화명신도시로 46, (화명동, 현대2차아파트)",0,0
부산광역시 북구 산성로12번길 54,0,0
부산광역시 북구 화명신도시로 70 코오롱하늘채1차아파트 1층 상가2동 106호,0,0
"부산광역시 사상구 새벽로121번길 103, (감전동) 1층",0,0
부산광역시 사상구 새벽시장로 65 1층 1동 101호,0,0
"부산광역시 사상구 낙동대로 988, (감전동) 1층",0,0
부산광역시 사상구 감전동 133-5번지 1층,0,0
"부산광역시 사상구 새벽시장로 100, (감전동)",0,0
"부산광역시 사상구 새벽로121번길 103, (감전동) 1층",0,0
"부산광역시 사상구 새벽로167번길 36, 감전한겨례태권도 (감전동) 1층",0,0
"부산광역시 사상구 새벽로167번길 82, (감전동) 1층",0,0
"부산광역시 사상구 광장로 22, (괘법동) 1층 1동 1호",0,0
"부산광역시 사상구 광장로 95, (괘법동) 1층",0,0
부산광역시 사상구 사상로170번길 24 부산전자랜드 (괘법동) 부산전자랜드,0,0
"부산광역시 사상구 사상로 243, (괘법동) 1층",0,0
"부산광역시 사상구 사상로 226, 괘법동 일부(괘법동)",0,0
"부산광역시 사상구 광장로 22, (괘법동) 1층 1동 1호",0,0
"부산광역시 사상구 낙동대로1210번길 33, (괘법동, 괘법한신2차아파트)",0,0
"부산광역시 사상구 사상로148번길 13, (괘법동)",0,0
"부산광역시 사상구 사상로223번길 40, 홀인원골프 (괘법동) A동 9호 1층",0,0
"부산광역시 사상구 사상로 201, 서부시외버스터미널 (괘법동) 1층",0,0
"부산광역시 사상구 사상로238번길 13, (괘법동) 1층",0,0
부산광역시 사상구 사상로163번길 20 1층,0,0
"부산광역시 사상구 사상로 203 (괘법동, 사상지하철역사내) 1층",0,0
"부산광역시 사상구 백양대로700번길 140, 신라대학교 (괘법동)",0,0
부산광역시 사상구 사상로 276 불구이돈덕포지점,0,0
부산광역시 사상구 덕상로 58-1,0,0
부산광역시 사상구 백양대로804번길 31 부원파크타운,0,0
"부산광역시 사상구 사상로 307, (덕포동)",0,0
부산광역시 사상구 사상로342번길 27 (덕포동) 1층 2동 103호,0,0
부산광역시 사상구 사상로 276 불구이돈덕포지점,0,0
"부산광역시 사상구 백양대로 712, (덕포동, 남영)",0,0
부산광역시 사상구 모라로110번길 47 대양빌딩 (모라동) 대양빌딩,0,0
"부산광역시 사상구 백양대로 906 (모라동,우성아파트)상가 1동 101호",0,0
부산광역시 사상구 사상로 512 모라리버빌 1층 102호,0,0
"부산광역시 사상구 모라로64번길 82 (모라동, 모라역베스티움더시티) 모라역베스티움더시티",0,0
부산광역시 사상구 백양대로 921-20 (모라동) 1층,0,0
부산광역시 사상구 모라로110번길 47 대양빌딩 (모라동) 대양빌딩,0,0
"부산광역시 사상구 모라로51번길 51, (모라동)",0,0
"부산광역시 사상구 모라로110번길 96, (모라동) 1층",0,0
부산광역시 사상구 모라로 22 (모라동),0,0
"부산광역시 사상구 사상로319번길 41, (삼락동)",0,0
"부산광역시 사상구 낙동대로 1274, (삼락동)",0,0
"부산광역시 사상구 엄궁로 203, 필지(엄궁동) 1호",0,0
부산광역시 사상구 농산물시장로 22 (엄궁동) 1층,0,0
"부산광역시 사상구 농산물시장로25번길 70, 청과물도매시장 (엄궁동)",0,0
"부산광역시 사상구 엄궁북로 57, (엄궁동)",0,0
"부산광역시 사상구 엄궁로 40, (엄궁동, 엄궁한신2차아파트)",0,0
"부산광역시 사상구 엄궁로 203, 필지(엄궁동) 1호",0,0
"부산광역시 사상구 가야대로330번길 89, (주례동)",0,0
"부산광역시 사상구 가야대로318번길 89, (주례동)",0,0
부산광역시 사상구 주례동 산68번지,0,0
"부산광역시 사상구 가야대로344번길 89, (주례동)",0,0
"부산광역시 사상구 주례로 10, (주례동)",0,0
"부산광역시 사상구 가야대로330번길 89, (주례동)",0,0
"부산광역시 사상구 주례로 45, 종합운동장 (주례동)",0,0
"부산광역시 사상구 가야대로 227, 형제공업 사(주례동)",0,0
"부산광역시 사상구 백양대로494번길 12, (주례동, 주례동일1차아파트 상가동 1층) -동 -호",0,0
부산광역시 사상구 주례동 507-27번지,0,0
"부산광역시 사상구 가야대로 326, (주례동)",0,0
부산광역시 사상구 양지로30번길 19 (주례동) CU주례양지점 1층,0,0
"부산광역시 사상구 냉정로 129, (주례동, 동서그린빌) 1동",0,0
부산광역시 사상구 가야대로366번길 56 (주례동),0,0
부산광역시 사상구 새벽로77번길 3 (학장동),0,0
부산광역시 사상구 학장로 107 (학장동),0,0
부산광역시 사상구 대동로 102 (학장동),0,0
"부산광역시 사상구 학감대로 149, (학장동) 1층",0,0
부산광역시 사상구 학감대로 120 현재빌딩,0,0
부산광역시 사상구 새벽로77번길 3 (학장동),0,0
부산광역시 사상구 대동로 132 청파아파트,0,0
"부산광역시 사하구 감천로 141, (감천동) 1층",0,0
부산광역시 사하구 옥천로 43 (감천동),0,0
"부산광역시 사하구 감천로 45, (감천동)",0,0
"부산광역시 사하구 사하로 129, (괴정동) 1층",0,0
부산광역시 사하구 낙동대로216번길 17 1층,0,0
"부산광역시 사하구 오작로 100, (괴정동) 1층",0,0
"부산광역시 사하구 낙동대로 180, 상가(괴정동, 경성스마트더블유)",0,0
"부산광역시 사하구 대티로1번길 22 (괴정동, 괴정스타클래스) 1층 109동 111,112호",0,0
"부산광역시 사하구 사하로 129, (괴정동) 1층",0,0
부산광역시 사하구 승학로233번길 50 (괴정동) 괴정자유2차아파트 1층 상가1동 102호,0,0
부산광역시 사하구 괴정로 272(괴정동) 1층,0,0
"부산광역시 사하구 낙동대로 247, (괴정동) 1층",0,0
"부산광역시 사하구 낙동대로233번길 19, (괴정동) 1층",0,0
"부산광역시 사하구 낙동대로 265, 상가동 101,102호 1층 101,102호",0,0
"부산광역시 사하구 오작로 10 (괴정동, 괴정동원맨션) 괴정동원맨션",0,0
부산광역시 사하구 낙동대로280 단지 내 상가,0,0
"부산광역시 사하구 낙동대로 301, (괴정동, 일동지에닌) 1층 105호",0,0
부산광역시 사하구 감천항로405번길 45 (구평동),0,0
부산광역시 사하구 서포로30번길 3 (구평동) 1층,0,0
"부산광역시 사하구 서포로30번길 12 (구평동, 상하이편한세상2차) 1층 105호",0,0
부산광역시 사하구 구평동 산54-1번지,0,0
"부산광역시 사하구 다대로429번길 15, 양덕빌딩 외5필지 제(다대동)",0,0
"부산광역시 사하구 윤공단로 11, (다대동)",0,0
부산광역시 사하구 다대동로6번길 1 (다대동),0,0
"부산광역시 사하구 윤공단로17번길 104, (다대동)",0,0
"부산광역시 사하구 다송로 23, (다대동, 다대롯데캐슬블루) 110호",0,0
"부산광역시 사하구 다대로429번길 15, 양덕빌딩 외5필지 제(다대동)",0,0
"부산광역시 사하구 다송로 68, (다대동) 32호",0,0
부산광역시 사하구 다대로 440 지하1층 나동,0,0
부산광역시 사하구 다송로72번길 82 에스엔씨빌딩 (다대동) 에스엔씨빌딩,0,0
"부산광역시 사하구 다대로 394, (다대동) 신다대아파트",0,0
"부산광역시 사하구 윤공단로 123, (다대동, 다대푸르지오아파트) 122동 102호",0,0
"부산광역시 사하구 다대로130번길 1, (신평동)",0,0
"부산광역시 사하구 신산로 177-10, (신평동) 백남맨션",0,0
부산광역시 사하구 장평로299번길 13 삼성빌라,0,0
"부산광역시 사하구 하신중앙로 176, (신평동)",0,0
"부산광역시 사하구 하신번영로 140, 신평지하철역내 (신평동)",0,0
"부산광역시 사하구 다대로130번길 1, (신평동)",0,0
부산광역시 사하구 비봉로 46,0,0
"부산광역시 사하구 두송로 57, 상가동(장림동, 장림신도) 1동 102호",0,0
"부산광역시 사하구 장림번영로 53, (장림동, 나산리버빌)",0,0
"부산광역시 사하구 다대로1066번길 56, (장림동)",0,0
"부산광역시 사하구 장림시장5길 2, (장림동)",0,0
"부산광역시 사하구 장림번영로 104, (장림동, 성경센스빌) 1층 103호",0,0
"부산광역시 사하구 두송로 57, 상가동(장림동, 장림신도) 1동 102호",0,0
"부산광역시 사하구 다대로277번길 23, (장림동)",0,0
부산광역시 사하구 다대로 305 장림현대아파트,0,0
"부산광역시 사하구 장평로 87, (장림동, 협성르네상스)",0,0
부산광역시 사하구 낙동대로 550번길 37 동아대학교 승학캠퍼스 한림생활관 승학1관 S15(E),0,0
"부산광역시 사하구 하신번영로 423, 세진빌딩 (하단동)",0,0
부산광역시 사하구 낙동남로1357번길 24 1층,0,0
"부산광역시 사하구 낙동남로1405번길 6, (하단동)",0,0
"부산광역시 사하구 낙동대로486번길 6, 상가호(하단동, EF골든빌라)",0,0
부산광역시 사하구 낙동대로 550번길 37 동아대학교 승학캠퍼스 한림생활관 승학1관 S15(E),0,0
"부산광역시 사하구 낙동남로1390번길 5, (하단동, 나산리버빌) 1층 101호",0,0
"부산광역시 사하구 낙동대로 501, (하단동, 하구언)",0,0
"부산광역시 사하구 괴정로 83, (하단동)",0,0
"부산광역시 사하구 낙동대로549번길 29, (하단동, 청목미르피아) 1층 301동 101호",0,0
"부산광역시 사하구 낙동남로 1362, (하단동, 나산리츠)",0,0
부산광역시 사하구 낙동대로457번길 12 아람빌리지오피스텔 (하단동) 아람빌리지오피스텔,0,0
"부산광역시 사하구 하신번영로300번길 77, (하단동)",0,0
"부산광역시 사하구 낙동남로 1415, 단지하철역내 (하단동)",0,0
"부산광역시 사하구 낙동대로520번길 14, (하단동, 하단청구) 1층 101호",0,0
"부산광역시 사하구 낙동남로1423번길 3, (하단동)",0,0
"부산광역시 강서구 제도로 750, (강동동) 1층",0,0
"부산광역시 강서구 미음산단로 9, (구랑동)",0,0
"부산광역시 서구 천마로 57, (남부민동, 대동맨션) 1층",0,0
부산광역시 서구 충무대로 229 1층,0,0
부산광역시 서구 충무대로 243-4 1층,0,0
부산광역시 강서구 생곡로 26 점포 (녹산동) 점포,0,0
부산광역시 강서구 녹산동 1492-1번지 1층,0,0
부산광역시 강서구 녹산동 562-4번지,0,0
"부산광역시 강서구 대저로274번길 35, (대저1동) 1층",0,0
"부산광역시 강서구 대저중앙로 353, (대저1동)",0,0
부산광역시 강서구 대저중앙로 208 (대저1동),0,0
부산광역시 강서구 낙동북로 175 강서LPG충전소 (대저1동) 강서LPG충전소,0,0
"부산광역시 강서구 공항로811번가길 60, (대저2동) 1층",0,0
"부산광역시 강서구 공항앞길221번길 7, (대저2동)",0,0
"부산광역시 강서구 유통단지1로 41, (대저2동) 104호",0,0
부산광역시 강서구 대저2동 2798-1번지,0,0
부산광역시 강서구 공항진입로 108 (대저2동),0,0
"부산광역시 강서구 공항로811번가길 60, (대저2동) 1층",0,0
"부산광역시 강서구 경전철로 34, 1층(대저2동) 1층",0,0
부산광역시 강서구 대저동서로 229 (대저2동),0,0
부산광역시 강서구 맥도강변길 905 (대저2동),0,0
부산광역시 강서구 맥도길 161 (대저2동),0,0
부산광역시 강서구 대저2동 2806-1번지,0,0
부산광역시 강서구 공항로569번길 22 (대저2동),0,0
"부산광역시 강서구 유통단지1로 50, 부산티플렉스지원 시설(대저2동) 다동 107호",0,0
부산광역시 서구 보수대로 166 (동대신동1가),0,0
"부산광역시 서구 구덕로296번길 49, (동대신동2가)",0,0
"부산광역시 서구 대신공원로 19, (동대신동3가)",0,0
"부산광역시 서구 대신공원로 32, (동대신동3가)",0,0
"부산광역시 서구 구덕로322번길 29, (동대신동3가)",0,0
부산광역시 강서구 동선1길 124 (동선동),0,0
"부산광역시 강서구 명지오션시티11로 22, 명지두산위브",0,0
"부산광역시 강서구 명지오션시티4로 60, (명지동)",0,0
부산광역시 강서구 명지동 1746-2번지,0,0
"부산광역시 강서구 명지국제11로 51, (명지동)",0,0
부산광역시 강서구 명지동 1866-9번지 1층,0,0
"부산광역시 강서구 명지오션시티11로 22, 명지두산위브",0,0
부산광역시 강서구 명지동 1649-2번지,0,0
부산광역시 강서구 명지동 3404번지 1층,0,0
부산광역시 강서구 명지동 2157-3번지 1층 1동 1호,0,0
"부산광역시 강서구 명지국제8로 240, (명지동) 1층 101호",0,0
부산광역시 강서구 명지동 1863-2번지,0,0
"부산광역시 강서구 명지국제7로 133, (명지동) 1층 20호",0,0
부산광역시 강서구 명지동 2211번지,0,0
부산광역시 강서구 명지동 1094-4번지 1층,0,0
"부산광역시 강서구 명지동 3432-3번지, 판매시설B동",0,0
부산광역시 강서구 명지동 3479-1,0,0
"부산광역시 강서구 명지오션시티8로34번길 2, (명지동)",0,0
부산광역시 강서구 명지국제5로 90 (명지동) 중흥S-클래스에듀오션 1층 231동 101호 102호,0,0
"부산광역시 강서구 명지오션시티11로 51, 상가(323)동 301-9~10호(명지동, 영어도시퀸덤1차) 1층",0,0
"부산광역시 강서구 명지오션시티10로 16 (명지동, 영어도시퀸덤1차) 상가(222)동 234-5호 1층",0,0
부산광역시 강서구 명지오션시티6로 33 엘크루블루오션 C2동 B114호 1층,0,0
"부산광역시 강서구 가락대로961번길 54, (범방동)",0,0
"부산광역시 강서구 범방3로 76, (범방동)",0,0
"부산광역시 서구 구덕로 224, (부민동1가) 1층 1동 109호",0,0
"부산광역시 서구 구덕로 205, (부민동2가)",0,0
"부산광역시 서구 구덕로250번길 17, (부용동1가)",0,0
"부산광역시 서구 부용로 28, (부용동2가) 1층 1동 1호",0,0
부산광역시 서구 대영로38번길 11,0,0
"부산광역시 서구 구덕로 281, (서대신동1가)",0,0
"부산광역시 서구 대영로 24, (서대신동2가, 보람)",0,0
부산광역시 서구 꽃마을로 23 (서대신동3가),0,0
"부산광역시 서구 구덕로 335-1 (서대신동3가, 서대센츄럴타운) 서대센츄럴타운",0,0
부산광역시 서구 꽃마을로 159,0,0
"부산광역시 서구 대티로 159 (서대신동3가, 협성르네상스) 협성르네상스",0,0
"부산광역시 서구 대영로45번길 80, (서대신동3가)",0,0
부산광역시 서구 꽃마을로 23 (서대신동3가),0,0
"부산광역시 강서구 신항남로 330 (성북동) 현장매점, PSA부산산항국제터미널(주) 1층",0,0
"부산광역시 강서구 녹산산단232로 38-25, (송정동) 1층",0,0
"부산광역시 강서구 녹산산단335로 24-8, 101호(송정동)",0,0
부산광역시 강서구 녹산산단335로 12-7 태흥빌딩 (송정동) 태흥빌딩 1층,0,0
"부산광역시 강서구 신호산단2로 33, 골든뷰 (신호동) 1층 104호",0,0
부산광역시 강서구 신호산단1로 76,0,0
"부산광역시 강서구 신호산단1로 215, 새미래오피스텔 빌딩(신호동) 1층 104호",0,0
부산광역시 강서구 신호산단1로 124,0,0
"부산광역시 강서구 신호산단4로 27, (신호동, 부산신호사랑으로부영2차아파트)",0,0
"부산광역시 강서구 신호산단2로 33, 골든뷰 (신호동) 1층 104호",0,0
"부산광역시 강서구 신호산단5로 61, (신호동)",0,0
"부산광역시 서구 구덕로 165, (아미동1가)",0,0
부산광역시 서구 구덕로185번길 30 (아미동2가),0,0
부산광역시 서구 까치고개로 204-1 (아미동2가),0,0
"부산광역시 서구 원양로 310, (암남동) 1층",0,0
부산광역시 서구 충무대로 24 송도혜성주상복합빌딩,0,0
"부산광역시 서구 감천로 255, (암남동) 1층",0,0
부산광역시 서구 암남공원로 47-8 (암남동),0,0
"부산광역시 서구 송도해변로 97, (암남동)",0,0
부산광역시 강서구 호계로 23 (죽림동),0,0
"부산광역시 강서구 과학산단로306번길 10 (지사동, 협성·DS엘리시안) 1층 117동 101,102호",0,0
"부산광역시 강서구 과학산단2로20번길 22, (지사동)",0,0
부산광역시 강서구 과학산단2로3번길 56 (지사동),0,0
부산광역시 강서구 과학산단2로20번길 69 지사금강펜테리움,0,0
"부산광역시 강서구 거가대로 2571, (천성동)",0,0
부산광역시 강서구 가덕해안로 761 (천성동),0,0
"부산광역시 서구 충무대로275번길 5, (충무동1가)",0,0
"부산광역시 서구 천마로 201, (충무동3가)",0,0
"부산광역시 서구 구덕로148번길 31-1, (토성동5가) 1층",0,0
"부산광역시 강서구 화전산단2로 68, (화전동)",0,0
"부산광역시 강서구 낙동남로 526, (화전동)",0,0
부산광역시 강서구 화전산단4로 74 1층 104호,0,0
"부산광역시 강서구 화전산단4로 74 (화전동, 우방아이유쉘) 우방아이유쉘",0,0
"부산광역시 수영구 광일로29번가길 37, (광안동)",0,0
"부산광역시 수영구 광일로 13-3, (광안동)",0,0
부산광역시 수영구 무학로49번길 53 (광안동),0,0
"부산광역시 수영구 무학로33번길 4, (광안동)",0,0
"부산광역시 수영구 광서로10번길 30, (광안동, 삼우빌라)",0,0
"부산광역시 수영구 광일로29번가길 37, (광안동)",0,0
"부산광역시 수영구 광안로7번길 22, 창성빌딩 (광안동) 1층",0,0
부산광역시 수영구 광안로 20 (광안동) 1층 109동 120호,0,0
"부산광역시 수영구 광안로62번길 39, (광안동 부산광안대우아이빌) 1층 107,108호",0,0
부산광역시 수영구 광남로 102 1층 102호,0,0
부산광역시 수영구 광서로 50,0,0
"부산광역시 수영구 광안로48번길 37, (광안동, 은하) 101호",0,0
부산광역시 수영구 광안동 165-9번지,0,0
"부산광역시 수영구 수영로521번가길 3, (광안동)",0,0
"부산광역시 수영구 망미번영로38번길 87, (광안동) 1층",0,0
부산광역시 수영구 수영로618번길 17,0,0
부산광역시 수영구 수영로 712 (광안동) 디온플레이스어반,0,0
"부산광역시 수영구 무학로9번길 86, (광안동, 중앙푸름채) 1층",0,0
"부산광역시 수영구 장대골로7번길 42, (광안동, 강산해오름) 1층 A동 101,102호",0,0
부산광역시 수영구 수영로 641 (광안동) 1층 101동 103호,0,0
"부산광역시 수영구 남천바다로9번길 27, (광안동)",0,0
부산광역시 수영구 수영로 393 (남천동),0,0
"부산광역시 수영구 수영로 413-1, (남천동) 1층",0,0
"부산광역시 수영구 남천동로 7, (남천동) 1층",0,0
"부산광역시 수영구 수영로388번길 37 (남천동) 57, (남천동, 광남) 1층",0,0
"부산광역시 수영구 수영로 493, 좋은강안병원 남(남) 1층",0,0
부산광역시 수영구 수영로 393 (남천동),0,0
부산광역시 수영구 과정로85번길 70 망미로얄베스토피아아파트,0,0
"부산광역시 수영구 과정로42번길 55, (망미동) 1층",0,0
"부산광역시 수영구 과정로56번길 7, (망미동) 1층",0,0
부산광역시 수영구 망미배산로18번길 21 (망미동),0,0
"부산광역시 수영구 망미배산로76번가길 26-19, (망미동)",0,0
부산광역시 수영구 과정로85번길 70 망미로얄베스토피아아파트,0,0
부산광역시 수영구 광안해변로278번길 42 오션브릿지 (민락동) 오션브릿지,0,0
부산광역시 수영구 광남로223번길 5-1 (민락동),0,0
"부산광역시 수영구 광남로 248, (민락동)",0,0
부산광역시 수영구 광남로258번길 35 1층,0,0
"부산광역시 수영구 민락로 32, (민락동) 1층",0,0
부산광역시 수영구 광안해변로278번길 42 오션브릿지 (민락동) 오션브릿지,0,0
"부산광역시 수영구 수영로 776, 104호 (민락동, 더샵센텀포레)",0,0
"부산광역시 수영구 광안해변로 326번길 31, 이편한세상오션테라스4단지 근린생활시설",0,0
"부산광역시 수영구 광안해변로 386, (민락동) 롯데캐슬자이언트",0,0
부산광역시 수영구 민락수변로17번길 35 (민락동),0,0
"부산광역시 수영구 광안해변로 279, (민락동)",0,0
"부산광역시 수영구 광안해변로 273, (민락동)",0,0
부산광역시 수영구 무학로 64 1층,0,0
"부산광역시 수영구 감포로88번길 3, (민락동)",0,0
지하2층 401동상가동 116호,0,0
"부산광역시 수영구 광안해변로294번길 3, (민락동, 진로비치아파트) 1층 에이동 103호",0,0
부산광역시 수영구 수영성로 2 (수영동),0,0
"부산광역시 수영구 구락로 8-19, (수영동)",0,0
"부산광역시 연제구 세병로 74 (거제동, 거제일동미라주상가) 1층 107동 102호",0,0
부산광역시 연제구 해맞이로 23 거제유림아시아드,0,0
"부산광역시 연제구 법원북로 45, (거제동)",0,0
"부산광역시 연제구 교대로16번길 15, (거제동, 샘터)",0,0
"부산광역시 연제구 거제대로 254, (거제동) 1층",0,0
"부산광역시 연제구 세병로 74 (거제동, 거제일동미라주상가) 1층 107동 102호",0,0
"부산광역시 연제구 명륜로 14 (거제동, 청마마이우스) 청마마이우스",0,0
부산광역시 연제구 거제시장로 43 (거제동),0,0
부산광역시 연제구 거제시장로 21,0,0
"부산광역시 연제구 중앙대로 999, 부산시청 지하철역 내(연산동)",0,0
부산광역시 연제구 월드컵대로119번길 31 (연산동),0,0
"부산광역시 연제구 고분로 170, 부산경상대학 경상관내(연산동)",0,0
"부산광역시 연제구 연제로 30, 105동 104호 1층",0,0
"부산광역시 연제구 중앙대로 1001 부산광역시청,부산광역시의회",0,0
"부산광역시 연제구 중앙대로 999, 부산시청 지하철역 내(연산동)",0,0
"부산광역시 연제구 고분로 280, (연산동, 부산센텀푸르지오) 1층 상가동 103,104호",0,0
부산광역시 연제구 중앙대로1134번길 34 경보오피스텔 (연산동) 경보오피스텔,0,0
"부산광역시 연제구 중앙대로1054번길 8, (연산동)",0,0
부산광역시 연제구 황령산로 620 (연산동),0,0
"부산광역시 연제구 좌수영로 225, (연산동)",0,0
부산광역시 연제구 연수로218번길 2 (연산동),0,0
"부산광역시 연제구 토곡남로 10, (연산동) 1층 1동 1호",0,0
"부산광역시 연제구 연수로 130 (연산동, 연산더샵) 연산더샵 1층",0,0
"부산광역시 연제구 신촌로 21, (연산동)",0,0
부산광역시 연제구 과정로 273 (연산동) 1층,0,0
부산광역시 연제구 중앙천로 17 (연산동),0,0
"부산광역시 연제구 월드컵대로 144, (연산동)",0,0
부산광역시 연제구 황령산로 615 (연산동) 연산롯데캐슬골드포레APT,0,0
부산광역시 연제구 연안로 16-1 (연산동),0,0
"부산광역시 연제구 중앙대로1120번길 15, (연산동)",0,0
"부산광역시 연제구 거제천로 110, (연산동)",0,0
"부산광역시 연제구 월드컵대로 153, (연산동) 1층",0,0
"부산광역시 연제구 월드컵대로153번길 21, (연산동)",0,0
"부산광역시 연제구 과정로237번길 105, (연산동, 리버풀하우스) 1층",0,0
"부산광역시 연제구 월드컵대로153번길 77, (연산동)",0,0
부산광역시 연제구 쌍미천로 125-1 대성빌딩 (연산동) 대성빌딩,0,0
"부산광역시 연제구 고분로13번길 5, (연산동) 1층",0,0
부산광역시 연제구 배산로 29,0,0
"부산광역시 연제구 반송로 12, (연산동)",0,0
"부산광역시 영도구 남항로 25, (남항동1가)",0,0
부산광역시 영도구 남항동1가 1번지,0,0
"부산광역시 영도구 절영로36번길 2, (대교동1가)",0,0
부산광역시 영도구 대교동1가 41-3번지,0,0
"부산광역시 영도구 태종로100번길 3, (대교동2가)",0,0
"부산광역시 영도구 태종로 85, 영도병원 (대교동2가)",0,0
"부산광역시 영도구 태종로 97, 영도메디칼빌딩 (대교동2가)",0,0
부산광역시 영도구 와치로 194 고신대학교,0,0
부산광역시 영도구 와치로 194 고신대학교 영도캠퍼스 내 행복기숙사 1층,0,0
"부산광역시 영도구 와치로 246, (동삼동)",0,0
"부산광역시 영도구 동삼로 23, (동삼동)",0,0
"부산광역시 영도구 동삼북로 20, 상가(동삼동, 영도일동미라주브라이튼1단지아파트) 112호",0,0
부산광역시 영도구 와치로 194 고신대학교,0,0
부산광역시 영도구 중리북로 46,0,0
"부산광역시 영도구 태종로 834, (동삼동)",0,0
"부산광역시 영도구 태종로 750, (동삼동)",0,0
"부산광역시 영도구 동삼로 56, 한나타워 (동삼동) 201호",0,0
"부산광역시 영도구 태종로700번길 4, (동삼동)",0,0
부산광역시 영도구 태종로 172 (봉래동4가) 봉래에일린의뜰 1층 119동 106호,0,0
"부산광역시 영도구 절영로 4, (봉래동1가) 영광골든타워",0,0
"부산광역시 영도구 대교로2번길 22-2, (봉래동3가) 1층",0,0
부산광역시 영도구 봉래동4가 69-1번지,0,0
부산광역시 영도구 태종로 172 (봉래동4가) 봉래에일린의뜰 1층 119동 106호,0,0
"부산광역시 영도구 절영로13번길 64, (영선동1가)",0,0
"부산광역시 영도구 절영로 103, (영선동3가)",0,0
"부산광역시 영도구 해안산책길 30 (영선동4가, 영선동반도보라아파트) 영선동반도보라아파트",0,0
부산광역시 영도구 절영로 202-2 (영선동4가),0,0
부산광역시 영도구 해양로 69 (청학동),0,0
"부산광역시 영도구 청학동로 15, (청학동)",0,0
부산광역시 영도구 태종로390번길 5 (청학동) 1층,0,0
"부산광역시 영도구 조내기로 46, (청학동) 진주빌",0,0
"부산광역시 영도구 청학로 33-2, (청학동)",0,0
부산광역시 영도구 해양로 69 (청학동),0,0
"부산광역시 중구 태종로 4, (남포동1가)",0,0
"부산광역시 중구 자갈치해안로 57, (남포동4가) 1층",0,0
부산광역시 중구 비프광장로 35 (남포동5가),0,0
부산광역시 중구 구덕로 54-1,0,0
"부산광역시 중구 보수대로124번길 25-2, (보수동2가)",0,0
"부산광역시 중구 흑교로 45, (보수동2가) 1층",0,0
"부산광역시 중구 광복로 22-1, (부평동1가) 1층",0,0
"부산광역시 중구 흑교로 11-1, (부평동3가)",0,0
"부산광역시 중구 대청로 22, (부평동4가, 향원부평타워) 1층 1동 1호",0,0
부산광역시 중구 대청로 71-1,0,0
"부산광역시 중구 보수대로124번길 25-2, (보수동2가)",0,0
"부산광역시 중구 흑교로 45, (보수동2가) 1층",0,0
"부산광역시 중구 국제시장2길 33, 국제시장 (신창동4가) 1층",0,0
"부산광역시 중구 대영로 219, (영주동) 1층",0,0
"부산광역시 중구 영주로 14, (영주동)",0,0
부산광역시 중구 해관로 82 (중앙동4가),0,0
부산광역시 중구 대교로 157 (중앙동4가),0,0
"부산광역시 중구 중앙대로137번길 7, 1층(중앙동4가) 1층",0,0
부산광역시 중구 해관로 82 (중앙동4가),0,0
부산광역시 중구 대교로 157 (중앙동4가),0,0
"부산광역시 중구 중앙대로137번길 7, 1층(중앙동4가) 1층",0,0
부산광역시 중구 대교로 141,0,0
"부산광역시 해운대구 신반송로 194, (반송동)",0,0
"부산광역시 해운대구 반송로 869-1, (반송동) 1층",0,0
부산광역시 해운대구 아랫반송로6번길 15,0,0
"부산광역시 해운대구 윗반송로 81, (반송동)",0,0
부산광역시 해운대구 윗반송로35번길 40,0,0
"부산광역시 해운대구 신반송로 194, (반송동)",0,0
"부산광역시 해운대구 수영강변대로 626, (반여동)",0,0
부산광역시 해운대구 재반로256번길 29-13 1층,0,0
"부산광역시 해운대구 선수촌로177번길 5, (반여동)",0,0
부산광역시 해운대구 반여로 161 (반여동),0,0
"부산광역시 해운대구 반여로155번길 35-55 (반여동, 센텀스마트) 센텀스마트",0,0
"부산광역시 해운대구 수영강변대로 626, (반여동)",0,0
부산광역시 해운대구 재반로212번길 5 가나아카데미,0,0
부산광역시 해운대구 반여동 753-5번지,0,0
"부산광역시 해운대구 삼어로 61, (반여동, 우방신세계타운)",0,0
"부산광역시 해운대구 반여로 68-12 센텀롯데캐슬2차아파트 1층 1동 103,104호",0,0
부산광역시 해운대구 선수촌로 104-16 네오플라자 (반여동) 네오플라자,0,0
"부산광역시 해운대구 해운대로38번길 60, (반여동, 센텀협성르네상스타운)",0,0
부산광역시 해운대구 해운대로61번길 61 델피하우스생맥주 (반여동) 델피하우스생맥주,0,0
"부산광역시 해운대구 반송로525번길 25, (석대동) 7층",0,0
부산광역시 해운대구 송정광어골로 47,0,0
부산광역시 해운대구 송정중앙로15번길 115,0,0
"부산광역시 해운대구 송정중앙로33번길 30, (송정동)",0,0
"부산광역시 해운대구 해운대해변로265번길 7, (우동)",0,0
"부산광역시 해운대구 센텀서로 30, KNN신사옥 (우동)",0,0
"부산광역시 해운대구 센텀중앙로 55, 경남정보대학교 (우동) 1층 1동 1호",0,0
"부산광역시 해운대구 해운대로383번길 70, 우동센텀두산위브상가 (우동)",0,0
"부산광역시 해운대구 센텀1로 9, (우동, 롯데갤러리움) 1층 114호",0,0
"부산광역시 해운대구 해운대해변로265번길 7, (우동)",0,0
"부산광역시 해운대구 센텀3로 26, 센텀스퀘어빌딩 111호 (우동) 1층",0,0
"부산광역시 해운대구 센텀동로 25, (우동, 대우월드마크센텀) 1층 상가동 131호",0,0
"부산광역시 해운대구 센텀2로 20, 센텀타워 메디컬(우동)",0,0
"부산광역시 해운대구 센텀중앙로 48, 에이스하이테크 (우동)",0,0
"부산광역시 해운대구 해운대로 284, (우동, 새한센시빌)",0,0
"부산광역시 해운대구 해운대로 407, (우동)",0,0
"부산광역시 해운대구 우동3로11번길 3, (우동) 1층",0,0
부산광역시 해운대구 우동1로 47-1,0,0
부산광역시 해운대구 우동1로 109 (우동),0,0
"부산광역시 해운대구 센텀3로 20, 벡스코비지니스호텔 (우동)",0,0
"부산광역시 해운대구 마린시티2로 47, (우동, 대우트럼프월드마린) 1층 D118호",0,0
"부산광역시 해운대구 마린시티1로 155, (우동, 해운대현대하이페리온아파트) 1층 C동 102호",0,0
"부산광역시 해운대구 마린시티3로 37, 한일오르듀상가 (우동) 1층",0,0
"부산광역시 해운대구 해운대로 428 (우동, 동부올림픽타운) 동부올림픽타운",0,0
"부산광역시 해운대구 해운대로 550, (우동, 해운대한신휴플러스) 1층 102동 107호",0,0
"부산광역시 해운대구 해운대해변로 141, (우동, 대우마리나2차상가) 1층 101호",0,0
부산광역시 해운대구 마린시티2로 2 마린파크 (우동) 마린파크,0,0
"부산광역시 해운대구 해운대로570번길 35, (우동)",0,0
"부산광역시 해운대구 구남로18번길 24, (우동) 1층 102호",0,0
"부산광역시 해운대구 해운대로 620, 해운대라뮤에뜨 (우동)",0,0
부산광역시 해운대구 마린시티2로 38 (우동) 해운대아이파크APT,0,0
"부산광역시 해운대구 구남로30번길 10, (우동)",0,0
"부산광역시 해운대구 해운대로 636, (우동)",0,0
부산광역시 해운대구 해운대로570번길 17 한양수자인마린오피스텔 (우동) 한양수자인마린오피스텔,0,0
부산광역시 해운대구 중동1로17번길 15-7,0,0
"부산광역시 해운대구 센텀북대로 60, 타워상가 센텀IS(재송동) 1층 1동 102호",0,0
"부산광역시 해운대구 센텀동로 99, 벽산 센텀클래스원(재송동) 1층 1동 103호",0,0
"부산광역시 해운대구 센텀중앙로 142, (재송동, 더샵센텀파크2차) 1층 2동 101, 110호",0,0
부산광역시 해운대구 재반로125번길 30 센텀우신골든빌아파트 1층,0,0
부산광역시 해운대구 재송1로 12 대명오피스 (재송동) 대명오피스,0,0
"부산광역시 해운대구 센텀북대로 60, 타워상가 센텀IS(재송동) 1층 1동 102호",0,0
부산광역시 해운대구 해운대로 153번길 20(재송동),0,0
"부산광역시 해운대구 해운대로81번길 137, 111(재송동, 현대) 2층",0,0
부산광역시 해운대구 재반로165번길 82 (재송동) 시영아파트 1층 19동 지하호,0,0
부산광역시 해운대구 해운대로 235 (재송동),0,0
부산광역시 해운대구 재송2로74번길 6,0,0
"부산광역시 해운대구 해운대로 785, (좌동, 까르띠움) 1층 1동 1호",0,0
"부산광역시 해운대구 좌동순환로 402 (중동, 래미안해운대) 래미안해운대",0,0
"부산광역시 해운대구 좌동순환로 173, 영풍상가 (좌동)",0,0
"부산광역시 해운대구 대천로103번길 29, (좌동, 대동타운) 1층 1동 1호",0,0
"부산광역시 해운대구 해운대로 790, 대림아크로텔 (좌동)",0,0
"부산광역시 해운대구 해운대로 785, (좌동, 까르띠움) 1층 1동 1호",0,0
"부산광역시 해운대구 양운로 55, (좌동, 해운대두산위브센티움) 1층",0,0
"부산광역시 해운대구 좌동순환로 301, (좌동)",0,0
"부산광역시 해운대구 양운로 88, (좌동)",0,0
"부산광역시 해운대구 좌동순환로 80, (좌동)",0,0
"부산광역시 해운대구 양운로 182, (좌동, 두산동국) 1층 상가동 104, 105호",0,0
"부산광역시 해운대구 세실로69번길 5, 화창프라자 (좌동)",0,0
"부산광역시 해운대구 좌동순환로217번길 19, (좌동) 엘아이지건영아파트",0,0
"부산광역시 해운대구 세실로 104, (좌동, 롯데캐슬마스터) 1층 107호",0,0
부산광역시 해운대구 해운대로 814 세종월드프라자,0,0
"부산광역시 해운대구 좌동순환로 503, (중동)",0,0
"부산광역시 해운대구 해운대로781번길 20, 좌동쥬노벨오피스텔 (좌동) 1층",0,0
"부산광역시 해운대구 좌동순환로 473, 로데오아울렛 (중동)",0,0
부산광역시 해운대구 좌동순환로446번길 14 돈가야우가야,0,0
"부산광역시 해운대구 양운로 41, 천년사랑오피스텔 (좌동) 1층 101호",0,0
"부산광역시 해운대구 양운로 98, (좌동) 1층",0,0
"부산광역시 해운대구 청사포로 27, (좌동, 경남선경) 1층 상가동 216, 217호",0,0
"부산광역시 해운대구 좌동순환로249번길 11, 해운대르네상스오피스텔 (좌동) 1층 102호",0,0
"부산광역시 해운대구 좌동순환로433번길 34, 힐스테이트위브상가 외필지(중동)",0,0
"부산광역시 해운대구 좌동순환로 11, 뉴대원빌딩 (중동)",0,0
"부산광역시 해운대구 양운로 56, (좌동, 에스케이허브올리브) 1층 1동 113호",0,0
"부산광역시 해운대구 좌동순환로 402 (중동, 래미안해운대) 래미안해운대",0,0
"부산광역시 해운대구 좌동순환로 503, (중동)",0,0
"부산광역시 해운대구 좌동순환로 473, 로데오아울렛 (중동)",0,0
부산광역시 해운대구 좌동순환로446번길 14 돈가야우가야,0,0
부산광역시 해운대구 달맞이길 23 (중동) 201동 110호,0,0
"부산광역시 해운대구 좌동순환로 402 (중동, 래미안해운대) 래미안해운대",0,0
"부산광역시 해운대구 달맞이길117번길 59, (중동)",0,0
부산광역시 해운대구 달맞이길62번길 28 미포오션사이드호텔 (중동) 미포오션사이드호텔,0,0
부산광역시 해운대구 중동1로17번길 15-7,0,0
"부산광역시 해운대구 해운대해변로 287, 씨클라우드 (중동)",0,0
부산광역시 해운대구 구남로 31 (중동) CU해운대구남로점,0,0
"부산광역시 해운대구 해운대해변로298번길 24, 팔레드시즈 (중동)",0,0
"부산광역시 해운대구 좌동순환로433번길 34, 힐스테이트위브상가 외필지(중동)",0,0
"부산광역시 해운대구 좌동순환로 11, 뉴대원빌딩 (중동)",0,0
