index,address,latitude,longitude,cvs
0,부산 서구 암남동 728-4 1층,0,0,7eleven
1,부산광역시 동래구 안남로 79 강변뜨란채아파 트,0,0,7eleven
2,부산광역시 강서구 신호산단3로 66 삼성빌딩 제1층 103,0,0,7eleven
3,부산시 연제구 월드컵대로 243번길 19 ,0,0,7eleven
4,부산시 연제구 아시아드대로 96 ,0,0,7eleven
5,부산광역시 동구 수정중로 30 ,0,0,7eleven
6,부산광역시 남구 수영로298번길 14 ,0,0,7eleven
7,부산광역시 사하구 장평로 438,0,0,7eleven
8,부산광역시 금정구 금강로565번길 26,0,0,7eleven
9,부산광역시 금정구 금정로233번길 41 지상 제1층,0,0,7eleven
10,부산광역시 기장군 일광면 기장해안로 1295,0,0,7eleven
11,부산광역시 기장군 기장읍 차성동로116번길 10,0,0,7eleven
12,부산광역시 금정구 팔송로 36,0,0,7eleven
13,부산광역시 수영구 남천바다로 10번길 66 ,0,0,7eleven
14,부산광역시 수영구 광남로 48번길20 ,0,0,7eleven
15,부산광역시 서구 구덕로 299 ,0,0,7eleven
16,부산시 동래구 동래로 17 ,0,0,7eleven
17,부산광역시 기장군 기장읍 당사리64번지롯데몰동부산점아울렛1층,0,0,7eleven
18,부산광역시 기장군 기장읍 64번지 롯데몰동부산점 아울렛지하1층,0,0,7eleven
19,부산광역시 기장군 기장해안로 147 3층 A304호,0,0,7eleven
20,부산광역시 해운대구 선수촌로 122 ,0,0,7eleven
21,부산시 부산진구 중앙대로 626 ,0,0,7eleven
22,부산광역시 강서구 가덕해안로 748 ,0,0,7eleven
23,부산광역시 강서구 가덕해안로 789-2 ,0,0,7eleven
24,부산광역시 사하구 하신번영로 201 1층,0,0,7eleven
25,부산시 부산진구 엄광로 62 ,0,0,7eleven
26,부산광역시 부산진구 냉정로 269 1층 ,0,0,7eleven
27,부산광역시 부산진구 대학로36번길 57 ,0,0,7eleven
28,부산시 부산진구 가야대로 548번길 4 ,0,0,7eleven
29,부산시 부산진구 엄광로 186 ,0,0,7eleven
30,부산광역시 부산진구 가야대로589번길 3 1층 ,0,0,7eleven
31,부산광역시 금정구 오륜대로 57 ,0,0,7eleven
32,부산광역시 남구 감만동 626-1,0,0,7eleven
33,부산광역시 사상구 장인로 19,0,0,7eleven
34,부산광역시 사상구 가야대로12번길 49 ,0,0,7eleven
35,부산시 사상구 학감대로 277 ,0,0,7eleven
36,부산광역시 사하구 옥천로 16 ,0,0,7eleven
37,부산광역시 사하구 감천로105번길 57 감천자 유아파트,0,0,7eleven
38,부산시 강서구 녹산산단 321로 24-4 ,0,0,7eleven
39,부산광역시 강서구 낙동북로 74,0,0,7eleven
40,부산광역시 강서구 미음산단로8번길 6 ,0,0,7eleven
41,부산광역시 강서구 명지동 3211-7,0,0,7eleven
42,부산광역시 강서구 가락대로961번길 94 ,0,0,7eleven
43,부산광역시 강서구 생곡산단1로5번길 3 ,0,0,7eleven
44,부산시 강서구 화전산단4로 6번길 6,0,0,7eleven
45,부산광역시 부산진구 가야대로498번가길 14 외 1필지 개금역대상웰리움 제1층 101호,0,0,7eleven
46,부산광역시 부산진구 엄광로 36-7 B102호,0,0,7eleven
47,부산광역시 부산진구 개금온정로 5 208호 ,0,0,7eleven
48,부산광역시 부산진구 복지로8번길 5 ,0,0,7eleven
49,부산광역시 부산진구 백양관문로 25-9 ,0,0,7eleven
50,부산시 부산진구 백양관문로 10 ,0,0,7eleven
51,부산광역시 연제구 월드컵대로187번길 41 거제동,0,0,7eleven
52,부산시 연제구 거제천로 87번길 22 ,0,0,7eleven
53,부산광역시 연제구 월드컵대로 221-9 1층,0,0,7eleven
54,부산광역시 사상구 주례로 31-1 ,0,0,7eleven
55,부산광역시 동래구 수안로호 8번길 38 204동 112,0,0,7eleven
56,부산광역시 연제구 과정로287번길 51,0,0,7eleven
57,부산광역시 남구 용소로7번길 21 1층,0,0,7eleven
58,부산광역시 남구 수영로 311 1층,0,0,7eleven
59,부산광역시 중구 구덕로 50 ,0,0,7eleven
60,부산광역시 중구 중앙대로 2,0,0,7eleven
61,부산광역시 수영구 민락수변로 9-1,0,0,7eleven
62,부산광역시 수영구 수영로594번길 90 1층 ,0,0,7eleven
63,부산광역시 수영구 광안로49번길 67 ,0,0,7eleven
64,부산광역시 수영구 장대골로7번길 20 제지하1층 제비 101호,0,0,7eleven
65,부산광역시 수영구 광안해변로 175 ,0,0,7eleven
66,부산광역시 수영구 무학로10번길 35,0,0,7eleven
67,부산광역시 수영구 광안로61번길 60 ,0,0,7eleven
68,부산광역시 수영구 광안해변로 165 106호,0,0,7eleven
69,부산광역시 수영구 광안로21번길 23,0,0,7eleven
70,부산광역시 수영구 수영로 553-11 ,0,0,7eleven
71,부산광역시 동래구 충렬대로 96 광혜병원 ,0,0,7eleven
72,부산광역시 사하구 사리로 48 ,0,0,7eleven
73,부산광역시 사하구 낙동대로 137 상가 104호 ,0,0,7eleven
74,부산광역시 사하구 사하로141번길 69-1 화이 트빌라,0,0,7eleven
75,부산시 연제구 교대로 6 ,0,0,7eleven
76,부산광역시 연제구 여고로 84-1,0,0,7eleven
77,부산시 북구 구남로 9 ,0,0,7eleven
78,부산광역시 북구 낙동북로681번길 46 정원아 트빌라,0,0,7eleven
79,부산광역시 금정구 금정로 208 1층 ,0,0,7eleven
80,부산광역시 금정구 안뜰로 10 1층 전체,0,0,7eleven
81,부산광역시 금정구 구서로 23 1층,0,0,7eleven
82,부산광역시 사하구 감천항로 172 ,0,0,7eleven
83,부산광역시 사하구 감천항로 195,0,0,7eleven
84,부산광역시 북구 낙동북로663번길 61 ,0,0,7eleven
85,부산광역시 북구 모분재로 50 ,0,0,7eleven
86,부산광역시 북구 백양대로1124번길 82 1층 1호,0,0,7eleven
87,부산광역시 북구 백양대로1016번길 22 지하1층 1호,0,0,7eleven
88,부산광역시 북구 사랑로94번길 10 ,0,0,7eleven
89,부산광역시 북구 모분재로23번길 76 가동 101호,0,0,7eleven
90,부산광역시 북구 시랑로62번길 17 화목맨션 1층 2호,0,0,7eleven
91,부산시 연제구 중앙대로 1217 ,0,0,7eleven
92,부산광역시 동구 충장대로 206 제4부두 ,0,0,7eleven
93,부산광역시 북구 덕천로276번길 32-4 ,0,0,7eleven
94,부산광역시 동래구 금강로131번길 1 ,0,0,7eleven
95,부산광역시 금정구 금사동 개좌로 141-9,0,0,7eleven
96,부산광역시 금정구 체육공원로 702 ,0,0,7eleven
97,부산광역시 금정구 구서중앙로15번길 20 ,0,0,7eleven
98,부산광역시 금정구 부곡로 154 ,0,0,7eleven
99,부산광역시 기장군 장안읍 고무로 328,0,0,7eleven
100,부산광역시 기장군 기장읍 차성로 359,0,0,7eleven
101,부산광역시 기장군 기장대로 470 1층 상가 104호,0,0,7eleven
102,부산광역시 기장군 차성서로 22 대청빌라 1층,0,0,7eleven
103,부산광역시 기장군 기장읍 동부산관광8로 11 ,0,0,7eleven
104,부산광역시 기장군 차성로390번길 15 1층,0,0,7eleven
105,부산광역시 기장군 기장읍 차성남로 69 ,0,0,7eleven
106,부산광역시 기장군 기장읍 연화1길 143-2,0,0,7eleven
107,부산광역시 기장군 기장읍 차성동로142번길 14,0,0,7eleven
108,부산광역시 기장군 기장읍 차성동로 168-24 ,0,0,7eleven
109,부산광역시 기장군 차성남로 5 1층,0,0,7eleven
110,부산광역시 기장군 기장읍 대청로 19 1층,0,0,7eleven
111,부산광역시 기장군 일광면 학리등대로 86-1 ,0,0,7eleven
112,부산광역시 해운대구 센텀동로 26 에이-103 에이2호,0,0,7eleven
113,부산광역시 사하구 낙동남로1367번길 23 1층 102호,0,0,7eleven
114,부산시 동래구 충렬대로 312 ,0,0,7eleven
115,부산시 동래구 안남로 31번길 6 ,0,0,7eleven
116,부산광역시 금정구 금강로693번길 42 ,0,0,7eleven
117,부산광역시 금정구 범어천로31번길 16 1층,0,0,7eleven
118,부산광역시 금정구 금강로740번길 10 ,0,0,7eleven
119,부산광역시 금정구 중앙대로2035번길 7,0,0,7eleven
120,부산광역시 금정구 팔송로7번길 19 ,0,0,7eleven
121,부산광역시 수영구 광안해변로15번길 54 뉴비 치아파트,0,0,7eleven
122,부산광역시 수영구 수영로408번길19 ,0,0,7eleven
123,부산광역시 영도구 절영로94번길 2,0,0,7eleven
124,부산광역시 사하구 다대낙조1길 12 상가동 104호,0,0,7eleven
125,부산광역시 해운대구 달맞이길117번나길 155 101호,0,0,7eleven
126,부산광역시 부산진구 가야대로691번길 4 ,0,0,7eleven
127,부산시 부산진구 당감로 18-1 ,0,0,7eleven
128,부산광역시 부산진구 백양관문로 101 1층 비호,0,0,7eleven
129,부산광역시 금정구 부곡로142번길 49 문구프 라자,0,0,7eleven
130,부산광역시 사상구 광장로86번길 41,0,0,7eleven
131,부산광역시 금정구 금강로321번길 80,0,0,7eleven
132,부산광역시 서구 대영로 44 ,0,0,7eleven
133,부산광역시 서구 구덕로322번길 9 ,0,0,7eleven
134,부산광역시 금정구 부산대학로 10,0,0,7eleven
135,부산광역시 남구 수영로 256-1,0,0,7eleven
136,부산광역시 남구 유엔평화로47번길 142 동백 원룸,0,0,7eleven
137,부산광역시 남구 못골로41번길 20 ,0,0,7eleven
138,부산광역시 남구 수영로 135 상가B동 104호,0,0,7eleven
139,부산광역시 남구 못골번영로50번길 20 ,0,0,7eleven
140,부산광역시 남구 유엔평화로41번가길 42,0,0,7eleven
141,부산광역시 남구 수영로266번길 99 ,0,0,7eleven
142,부산광역시 남구 수영로 358번길 28,0,0,7eleven
143,부산광역시 남구 못골로 95-1 1층 ,0,0,7eleven
144,부산광역시 남구 수영로220번길 21 ,0,0,7eleven
145,부산광역시 남구 진남로 36,0,0,7eleven
146,부산광역시 남구 유엔평화로 8 ,0,0,7eleven
147,부산광역시 남구 수영로325번길 12,0,0,7eleven
148,부산광역시 강서구 공항로 1373,0,0,7eleven
149,부산광역시 강서구 대저중앙로 46 ,0,0,7eleven
150,부산광역시 강서구 대저중앙로 344 ,0,0,7eleven
151,부산광역시 강서구 평강로 316 ,0,0,7eleven
152,부산광역시 중구 중앙대로 129 ,0,0,7eleven
153,부산 중구 대청로 90-1,0,0,7eleven
154,부산시 북구 의성로 83 ,0,0,7eleven
155,부산시 북구 만덕대로 23 ,0,0,7eleven
156,부산광역시 북구 백양대로 1176 1층,0,0,7eleven
157,부산광역시 북구 만덕대로40번길 45 ,0,0,7eleven
158,부산광역시 북구 만덕대로 3,0,0,7eleven
159,부산 사상구 덕포동 삼덕로 28,0,0,7eleven
160,부산광역시 사상구 사상로309번길 23 1층[세븐일레븐 부분],0,0,7eleven
161,부산시 사상구 덕상로 22 ,0,0,7eleven
162,부산광역시 중구 동광길 99 ,0,0,7eleven
163,부산광역시 동구 증산로 150-3 ,0,0,7eleven
164,부산광역시 서구 구덕로296번길 20 제1층 전부,0,0,7eleven
165,부산광역시 동래구 여고북로 125 1층 일부,0,0,7eleven
166,부산광역시 동래구 안남로 79 뜨란채아파트 1층 105호,0,0,7eleven
167,부산광역시 동래구 온천동 중앙대로1333번길 72 101호,0,0,7eleven
168,부산광역시 동래구 명륜로129번나길 49 ,0,0,7eleven
169,부산광역시 동래구 온천천로 165 ,0,0,7eleven
170,부산광역시 동래구 충렬대로200번길 25,0,0,7eleven
171,부산광역시 동래구 안락로 38 1층 ,0,0,7eleven
172,부산광역시 동래구 차밭골로20번길 3,0,0,7eleven
173,부산광역시 해운대구 해운대로 540 해운대동백두산위브더제니스 제지하1층104호,0,0,7eleven
174,부산광역시 영도구 상리로 33 1층일부,0,0,7eleven
175,부산광역시 사상구 가야대로366번길 14 1층 코너부분,0,0,7eleven
176,부산광역시 사하구 승학로 17번길 73,0,0,7eleven
177,부산광역시 금정구 체육공원로 541,0,0,7eleven
178,부산광역시 해운대구 양운로 182 ,0,0,7eleven
179,부산광역시 동래구 우장춘로56번길 3,0,0,7eleven
180,부산광역시 동구 중앙대로274번길 7-3 제1층 102호,0,0,7eleven
181,부산광역시 연제구 월드컵대로 55,0,0,7eleven
182,부산시 부산진구 가야대로 772 ,0,0,7eleven
183,부산광역시 기장군 기장읍 동암해안길 30 1층,0,0,7eleven
184,부산광역시 부산진구 전포대로275번길 20 서면롯데캐슬스카이 102-118,0,0,7eleven
185,부산광역시 연제구 월드컵대로252번길 5,0,0,7eleven
186,부산광역시 부산진구 가야대로 772,0,0,7eleven
187,부산광역시 동래구 명륜로112번길 41 ,0,0,7eleven
188,부산광역시 수영구 망미로22번길 42 ,0,0,7eleven
189,부산광역시 수영구 연수로 263번길 13 ,0,0,7eleven
190,부산광역시 수영구 연수로310번길 26 ,0,0,7eleven
191,부산광역시 수영구 연수로337-1 1층 전체,0,0,7eleven
192,부산광역시 동래구 명륜로 222 ,0,0,7eleven
193,부산광역시 동래구 명륜로 120-1,0,0,7eleven
194,부산광역시 강서구 명지오션시티8로34번길 30 ,0,0,7eleven
195,부산광역시 강서구 명지오션시티3로 23 102,0,0,7eleven
196,부산광역시 강서구 명지국제6로 99 에이동 1층 143-1호,0,0,7eleven
197,부산광역시 강서구 명지국제8로 19 ,0,0,7eleven
198,부산시 강서구 명지오션시티 11로 84 명지동 롯데캐슬 아파트,0,0,7eleven
199,부산광역시 강서구 명지오션시티12로 10 상가동 101호,0,0,7eleven
200,부산광역시 강서구 명지국제5로 148번길 10,0,0,7eleven
201,부산광역시 강서구 명지오션시티9로 49 ,0,0,7eleven
202,부산광역시 강서구 명지국제8로 235 ,0,0,7eleven
203,부산광역시 강서구 명지국제7로 37 ,0,0,7eleven
204,부산광역시 사상구 사상로525번길 28 ,0,0,7eleven
205,부산광역시 사상구 백양대로 954,0,0,7eleven
206,부산시 부산진구 모라로 67 ,0,0,7eleven
207,부산광역시 사상구 백양대로934번길 56 2층 ,0,0,7eleven
208,부산광역시 남구 전포대로 90 대진소방 1층,0,0,7eleven
209,부산광역시 남구 수영로39번가길 83,0,0,7eleven
210,부산광역시 남구 전포대로 64,0,0,7eleven
211,부산광역시 남구 수영로 17 ,0,0,7eleven
212,부산광역시 남구 고동골로59번길 86 동춘자기 1층,0,0,7eleven
213,부산광역시 남구 고동골로28번길 3 1층,0,0,7eleven
214,부산광역시 남구 장고개로 105 ,0,0,7eleven
215,부산광역시 남구 문현로23번길 49 제1층,0,0,7eleven
216,부산광역시 연제구 월드컵대로58번길 7 ,0,0,7eleven
217,부산광역시 강서구 미음산단로127번길 22 ,0,0,7eleven
218,부산광역시 수영구 민락본동로11번길 59 1층,0,0,7eleven
219,부산광역시 수영구 민락수변로7번길 60,0,0,7eleven
220,부산시 부산진구 서전로 25 ,0,0,7eleven
221,부산광역시 해운대구 반송로 924번길 21,0,0,7eleven
222,부산광역시 해운대구 신반송로 102 상가213동 지하101,0,0,7eleven
223,부산광역시 해운대구 반송로828번길 2 1층,0,0,7eleven
224,부산광역시 해운대구 재반로270번길 33 나폴리피자,0,0,7eleven
225,부산광역시 해운대구 선수촌로 97,0,0,7eleven
226,부산광역시 해운대구 선수촌로 21번길 21 ,0,0,7eleven
227,부산광역시 북구 학사로17번길 4 102호,0,0,7eleven
228,부산광역시 연제구 연수로 224 ,0,0,7eleven
229,부산광역시 부산진구 동평로 59,0,0,7eleven
230,부산광역시 부산진구 백양산로 70 쌍용스윗닷홈단지상가102호,0,0,7eleven
231,부산광역시 동구 망양로 964 ,0,0,7eleven
232,부산광역시 강서구 범방3로71번길 14 ,0,0,7eleven
233,부산광역시 동구 초량중로 117,0,0,7eleven
234,부산광역시 동구 중앙대로 501 ,0,0,7eleven
235,부산광역시 동구 범일로90번길 17,0,0,7eleven
236,부산광역시 부산진구 자유평화로37번길 51 더샵골드3 102호,0,0,7eleven
237,부산광역시 부산진구 범일로 176 ,0,0,7eleven
238,부산광역시 부산진구 황령대로 23 세운이노빌 ,0,0,7eleven
239,부산광역시 부산진구 만리산로 110 ,0,0,7eleven
240,부산광역시 부산진구 황령대로7번길 30 1층,0,0,7eleven
241,부산시 부산진구 중앙번영로 20번길 7 ,0,0,7eleven
242,부산광역시 동구 고관로 7 ,0,0,7eleven
243,부산광역시 남구 고동골로 29 111동 116호,0,0,7eleven
244,부산광역시 금정구 동현로39번길 31 ,0,0,7eleven
245,부산광역시 금정구 중앙대로1685번길 23 1,0,0,7eleven
246,부산광역시 부산진구 신천대로 279 제상가5동 제1층 제1호,0,0,7eleven
247,부산 서구 부용동 구덕로232번길 3 1층,0,0,7eleven
248,부산광역시 부산진구 부전로 108 ,0,0,7eleven
249,부산광역시 부산진구 신천대로102번길 2,0,0,7eleven
250,부산광역시 부산진구 중앙대로691번가길 14 1층,0,0,7eleven
251,부산광역시 부산진구 가야대로755번길 11 ,0,0,7eleven
252,부산광역시 부산진구 중앙대로756번길 10 ,0,0,7eleven
253,부산광역시 부산진구 중앙대로 653,0,0,7eleven
254,부산시 부산진구 동천로 129 ,0,0,7eleven
255,부산 중구 부평2길 3,0,0,7eleven
256,부산광역시 서구 동대로19번길 32 ,0,0,7eleven
257,부산광역시 부산진구 중앙대로 632 1층 북서쪽 코너 일부,0,0,7eleven
258,부산광역시 사상구 새벽로 199 ,0,0,7eleven
259,부산광역시 사상구 새벽로 168 ,0,0,7eleven
260,부산광역시 사상구 학감대로 238-36 1층 일부,0,0,7eleven
261,부산광역시 사상구 사상로233번길 19,0,0,7eleven
262,부산광역시 동래구 사직북로 47 1층 코너[세븐일레븐 부분],0,0,7eleven
263,부산광역시 동래구 사직로 80 ,0,0,7eleven
264,부산광역시 동래구 아시아드대로134번길 14 제근생2동 102호,0,0,7eleven
265,부산광역시 사하구 낙동대로 403,0,0,7eleven
266,부산광역시 사하구 낙동대로410번길 14 101호,0,0,7eleven
267,부산광역시 사하구 낙동대로 430 ,0,0,7eleven
268,부산광역시 사상구 낙동대로1330번길 46 ,0,0,7eleven
269,부산광역시 금정구 중앙대로 1967 제1층 제103호 전체,0,0,7eleven
270,부산광역시 해운대구 해운대로349번길 24,0,0,7eleven
271,부산광역시 동래구 충렬대로 218 번길 26,0,0,7eleven
272,부산시 연제구 법원로 32번길 10 ,0,0,7eleven
273,부산광역시 강서구 가락대로 706 ,0,0,7eleven
274,부산광역시 서구 구덕로 272-1 1층,0,0,7eleven
275,부산광역시 서구 원양로 35 국제수산물도매시 장,0,0,7eleven
276,부산광역시 서구 대영로27번길 65 1층 ,0,0,7eleven
277,부산광역시 서구 대영로45번길 50 ,0,0,7eleven
278,부산광역시 금정구 서동로175번길 41-2 제1층,0,0,7eleven
279,부산시 부산진구 중앙대로 738 ,0,0,7eleven
280,부산광역시 부산진구 부전로65번길 3 1층 전부,0,0,7eleven
281,부산광역시 부산진구 신천대로62번길 30 1층,0,0,7eleven
282,부산광역시 부산진구 전포대로 282 101호,0,0,7eleven
283,부산광역시 부산진구 중앙대로 668 104호,0,0,7eleven
284,부산광역시 부산진구 가야대로 783,0,0,7eleven
285,부산시 부산진구 신천대로 62번길 62 ,0,0,7eleven
286,부산광역시 부산진구 전포대로209번길 7 1층 일부,0,0,7eleven
287,부산시 부산진구 서면로 33 ,0,0,7eleven
288,부산광역시 부산진구 서면로 29,0,0,7eleven
289,부산광역시 부산진구 서면문화로 59,0,0,7eleven
290,부산광역시 서구 보수대로 196 ,0,0,7eleven
291,부산광역시 남구 용호로232번길 25-14 ,0,0,7eleven
292,부산시 금정구 온천장로 137 ,0,0,7eleven
293,부산광역시 부산진구 성지로137번길 92 ,0,0,7eleven
294,부산광역시 해운대구 APEC로 17 센텀리더스마크 101호102호,0,0,7eleven
295,부산광역시 수영구 광안해변로 446 제104동 제지하1층 제102호,0,0,7eleven
296,부산광역시 해운대구 센터중앙로 90 ,0,0,7eleven
297,부산광역시 서구 암남공원로 39 301동 108호,0,0,7eleven
298,부산광역시 해운대구 송정해변로 48 ,0,0,7eleven
299,부산광역시 해운대구 송정중앙로 33 ,0,0,7eleven
300,부산광역시 수영구 구락로75번길 3 ,0,0,7eleven
301,부산광역시 수영구 무학로9번길 141 제1동 1층 101호 전체,0,0,7eleven
302,부산광역시 수영구 망미번영로24번길 11 ,0,0,7eleven
303,부산광역시 수영구 망미번영로 52번길 87-3,0,0,7eleven
304,부산광역시 수영구 망미번영로16번길 74 1층,0,0,7eleven
305,부산광역시 수영구 무학로 21 ,0,0,7eleven
306,부산광역시 수영구 광일로56번길 5 한울베스 트빌,0,0,7eleven
307,부산광역시 남구 수영로 305,0,0,7eleven
308,부산광역시 부산진구 부암동 80-60,0,0,7eleven
309,부산광역시 사상구 백양대로 684 데세엠케어 ,0,0,7eleven
310,부산광역시 사상구 백양대로 893 궁전빌딩 3층 307호,0,0,7eleven
311,부산광역시 부산진구 신암로 145 ,0,0,7eleven
312,부산광역시 사상구 백양대로320번길 13 ,0,0,7eleven
313,부산광역시 사하구 신산북로 61 ,0,0,7eleven
314,부산광역시 강서구 신항남로 354 ,0,0,7eleven
315,부산광역시 강서구 신호산단1로 140 ,0,0,7eleven
316,부산광역시 강서구 신호산단4로64번길 11 ,0,0,7eleven
317,부산광역시 강서구 신호산단4로64번길 36 ,0,0,7eleven
318,부산광역시 사하구 사하로 182 ,0,0,7eleven
319,부산광역시 동구 홍곡남로 52,0,0,7eleven
320,부산광역시 해운대구 해운대해변로 35 지하1층,0,0,7eleven
321,부산광역시 부산진구 가야대로468번길 11 1층 101호,0,0,7eleven
322,부산광역시 연제구 연수로 179 102동 104호,0,0,7eleven
323,부산광역시 해운대구 마린시티2로 38 i-park c1동 119호,0,0,7eleven
324,부산광역시 동래구 안락동 450-16 ,0,0,7eleven
325,부산시 동래구 안연로 109번길 24 ,0,0,7eleven
326,부산시 동래구 삼어로 2 ,0,0,7eleven
327,부산시 동래구 연안로 49 ,0,0,7eleven
328,부산광역시 부산진구 중앙대로979번길 45 ,0,0,7eleven
329,부산광역시 부산진구 양지로14번길 14 ,0,0,7eleven
330,부산광역시 부산진구 동평로 352 103호 ,0,0,7eleven
331,부산광역시 사상구 낙동대로 720,0,0,7eleven
332,부산광역시 서구 충무대로275번길 20 101호,0,0,7eleven
333,부산광역시 해운대구 달맞이길 30 ,0,0,7eleven
334,부산광역시 동구 대영로243번길 69 ,0,0,7eleven
335,부산광역시 연제구 중앙대로990번길 24 ,0,0,7eleven
336,부산광역시 연제구 연수로 105,0,0,7eleven
337,부산광역시 연제구 거제천로182번길 55 1층,0,0,7eleven
338,부산광역시 연제구 과정로 262 에이스리버팰리스 1층 102호 ,0,0,7eleven
339,부산광역시 연제구 연동로13번길 2,0,0,7eleven
340,부산광역시 연제구 연미로13번길 20,0,0,7eleven
341,부산광역시 연제구 연산동 630-17,0,0,7eleven
342,부산광역시 연제구 중앙대로1066번길 32 ,0,0,7eleven
343,부산광역시 연제구 고분로13번길 73 ,0,0,7eleven
344,부산광역시 연제구 묘봉산로 4 ,0,0,7eleven
345,부산광역시 연제구 월드컵대로165번길 41 ,0,0,7eleven
346,부산광역시 연제구 고분로56번길 1 1층,0,0,7eleven
347,부산 연제구 온천천남로92번길 30 1,0,0,7eleven
348,부산광역시 연제구 연제로8번길 54 제1동 1층,0,0,7eleven
349,부산광역시 연제구 월드컵대로145번길 74 ,0,0,7eleven
350,부산광역시 연제구 월드컵대로153번길 92 1층,0,0,7eleven
351,부산광역시 연제구 고분로235번길 62 ,0,0,7eleven
352,부산광역시 영도구 절영로50번길 8 1층,0,0,7eleven
353,부산광역시 영도구 동삼로 66 동삼동,0,0,7eleven
354,부산광역시 영도구 절영로 528,0,0,7eleven
355,부산광역시 영도구 태종로83번길 7,0,0,7eleven
356,부산광역시 영도구 남항로 31,0,0,7eleven
357,부산광역시 영도구 하나길 950,0,0,7eleven
358,부산광역시 영도구 태종로 506 1층 전체 ,0,0,7eleven
359,부산광역시 영도구 태종로 428 한라청학아파트 109,0,0,7eleven
360,부산광역시 영도구 절영로 118-2 ,0,0,7eleven
361,부산광역시 남구 못골번영로 61 101호,0,0,7eleven
362,부산광역시 동래구 온천동 여고북로23번길 46 101호,0,0,7eleven
363,부산광역시 동래구 금강로 28 ,0,0,7eleven
364,부산광역시 동래구 쇠미로129번길 94 1층,0,0,7eleven
365,부산광역시 동래구 충렬대로86번길 47 행정사 유종헌사무소,0,0,7eleven
366,부산 동래구 차밭골로21번길 41,0,0,7eleven
367,부산광역시 금정구 남산로37번길 68 1층,0,0,7eleven
368,부산광역시 남구 유엔평화로 150 1층 편의점,0,0,7eleven
369,부산광역시 남구 용호로178번길 3,0,0,7eleven
370,부산광역시 남구 동명로164번길 94 1층 ,0,0,7eleven
371,부산광역시 남구 용호로 207 1층 102호 ,0,0,7eleven
372,부산광역시 남구 동명로158번길 32 난다슈퍼 ,0,0,7eleven
373,부산 남구 용호로110번길 43 세븐일레븐 트,0,0,7eleven
374,부산광역시 남구 용호동 용호로 124 104 조광빌로체,0,0,7eleven
375,부산광역시 남구 분포로 115 힐탑탑플레이스 ,0,0,7eleven
376,부산광역시 남구 유엔로 34 새길카센타 ,0,0,7eleven
377,부산광역시 해운대구 윗반송로51번길 186 1층,0,0,7eleven
378,부산광역시 부산진구 복지로85번길 11-9,0,0,7eleven
379,부산광역시 기장군 일광로 68 ,0,0,7eleven
380,부산광역시 동구 중앙대로 365 1층 상가,0,0,7eleven
381,부산광역시 기장군 임랑해안길 31 ,0,0,7eleven
382,부산광역시 중구 자갈치로59번길 6,0,0,7eleven
383,부산광역시 중구 자갈치로37번길 6 1층,0,0,7eleven
384,부산광역시 사하구 다대로227번길 37 동원3차아파트 제상가동1층 101호,0,0,7eleven
385,부산광역시 사하구 장림번영로 71 ,0,0,7eleven
386,부산광역시 사하구 장림번영로104번길 10,0,0,7eleven
387,부산광역시 사하구 장림번영로 25,0,0,7eleven
388,부산광역시 사하구 두송로26번길 60 1층,0,0,7eleven
389,부산광역시 사하구 을숙도대로 570 ,0,0,7eleven
390,부산광역시 금정구 부산대학로64번안길 3 ,0,0,7eleven
391,부산광역시 금정구 소정로 35,0,0,7eleven
392,부산광역시 금정구 금강로347번길 1 1층 장전동,0,0,7eleven
393,부산광역시 금정구 금정로 144 ,0,0,7eleven
394,부산광역시 금정구 장전온천천로 95,0,0,7eleven
395,부산광역시 금정구 금강로347번길 66 1층,0,0,7eleven
396,부산광역시 해운대구 해운대로161번길 7 ,0,0,7eleven
397,부산광역시 해운대구 해운대로123번길 21,0,0,7eleven
398,부산광역시 해운대구 재반로 123 ,0,0,7eleven
399,부산광역시 동래구 금강로59번길 38 ,0,0,7eleven
400,부산광역시 부산진구 전포대로189번길 30 몽뜨레 제1층 제101호,0,0,7eleven
401,부산광역시 부산진구 전포대로122번길 13 ,0,0,7eleven
402,부산시 부산진구 전포대로 155번길 29 ,0,0,7eleven
403,부산광역시 부산진구 동성로15번길 37 1층 전체,0,0,7eleven
404,부산광역시 부산진구 진남로356번길 86 전포화신아파트상가 지하1호,0,0,7eleven
405,부산광역시 기장군 정관6로 5-20 A101호,0,0,7eleven
406,부산광역시 기장군 정관읍 방곡3로 20,0,0,7eleven
407,부산광역시 기장군 정관중앙로 55 106호,0,0,7eleven
408,부산광역시 기장군 정관읍 정관5로 75 ,0,0,7eleven
409,부산광역시 기장군 정관면 정관읍 741-6 아카데미센터 b101102호,0,0,7eleven
410,부산광역시 기장군 정관읍 가동길 20 ,0,0,7eleven
411,부산광역시 기장군 정관면 785-17,0,0,7eleven
412,부산광역시 기장군 정관면 정관3로 52,0,0,7eleven
413,부산광역시 기장군 정관면 정관로 548{정관신도시 한진해로로),0,0,7eleven
414,부산 기장군 정관읍 구연4로 8 ,0,0,7eleven
415,부산광역시 북구 시랑로94번길 64 1층,0,0,7eleven
416,부산광역시 해운대구 세실로 174 ,0,0,7eleven
417,부산광역시 해운대구 해운대로 790 해운대대림아크로텔,0,0,7eleven
418,부산광역시 해운대구 세실로69번길 11 1층코너[세븐일레븐 부분],0,0,7eleven
419,부산광역시 해운대구 해운대로 802 웅신시네아트 1층 118호,0,0,7eleven
420,부산광역시 해운대구 양운로37번길 11,0,0,7eleven
421,부산광역시 동구 중앙대로 441-1 1층 ,0,0,7eleven
422,부산광역시 사상구 가야대로344번길 29,0,0,7eleven
423,부산광역시 사상구 가야대로 283,0,0,7eleven
424,부산시 사상구 가야대로 378번길 15 ,0,0,7eleven
425,부산광역시 사상구 가야대로344번길67 ,0,0,7eleven
426,부산광역시 사상구 백양대로342번길 40 주례 한효아파트,0,0,7eleven
427,부산광역시 중구 보수대로124번길 66 ,0,0,7eleven
428,부산광역시 중구 흑교로71번길 14,0,0,7eleven
429,부산광역시 중구 보수대로44번길 14,0,0,7eleven
430,부산광역시 중구 중구로23번길 47-1 ,0,0,7eleven
431,부산광역시 중구 백산길 12 ,0,0,7eleven
432,부산광역시 중구 대청로 139-1 1층 전부,0,0,7eleven
433,부산광역시 중구 중앙대로 147 ,0,0,7eleven
434,부산광역시 중구 중앙대로 24 ,0,0,7eleven
435,부산광역시 강서구 과학산단로334번가길 26 외 1필지 제1호 1층,0,0,7eleven
436,부산광역시 동구 진시장로20번길 46,0,0,7eleven
437,부산광역시 부산진구 성지로104번길 36 ,0,0,7eleven
438,부산광역시 동래구 안락동 반송로 202 1층,0,0,7eleven
439,부산광역시 중구 대청로 121-1,0,0,7eleven
440,부산광역시 사상구 학장로 189 ,0,0,7eleven
441,부산광역시 남구 대연동 968-26,0,0,7eleven
442,부산광역시 해운대구 해운대해변로 298번길 24,0,0,7eleven
443,부산광역시 수영구 황령대로 499,0,0,7eleven
444,부산광역시 북구 덕천동 만덕대로155번길 29,0,0,7eleven
445,부산광역시 중구 비프광장로 39 1층,0,0,7eleven
446,부산광역시 사하구 하신번영로 312 1층,0,0,7eleven
447,부산광역시 사하구 하단동 525-5,0,0,7eleven
448,부산광역시 사하구 하단동 낙동남로1405번길 9,0,0,7eleven
449,부산광역시 사하구 낙동대로575번길 30 남영아파트 남영상가 A동 1층 3호 ,0,0,7eleven
450,부산광역시 사하구 하단동 동매로23번길 9,0,0,7eleven
451,부산광역시 사하구 낙동대로519번길 7 ,0,0,7eleven
452,부산광역시 사하구 낙동대로 474 ,0,0,7eleven
453,부산광역시 부산진구 중앙대로 829 ,0,0,7eleven
454,부산광역시 사상구 학감대로 161 금문산업,0,0,7eleven
455,부산광역시 사상구 대동로 182,0,0,7eleven
456,부산광역시 사상구 학감대로 109-14,0,0,7eleven
457,부산광역시 해운대구 중동1로19번길 24 고려 온천,0,0,7eleven
458,부산광역시 해운대구 중동1로 41,0,0,7eleven
459,부산광역시 해운대구 달맞이길62번길 23 ,0,0,7eleven
460,부산광역시 해운대구 해운대해변로 271 1층 102호,0,0,7eleven
461,부산광역시 해운대구 대천로103번길 61 엘지아파트102호103호,0,0,7eleven
462,부산광역시 해운대구 구남로 47 1층,0,0,7eleven
463,부산광역시 해운대구 좌동순환로118 1282 주공2단지분산상가102~103호,0,0,7eleven
464,부산광역시 해운대구 대천로 56 1274 한일아파트 109호,0,0,7eleven
465,부산광역시 해운대구 해운대로 602 101호 ,0,0,7eleven
466,부산시 해운대구 해운대로 724,0,0,7eleven
467,부산광역시 해운대구 우동1로5-1 604-1,0,0,7eleven
468,부산광역시 북구 화명신도시로 209,0,0,7eleven
469,부산광역시 북구 양달로9번길 17 벽산강변타 운,0,0,7eleven
470,부산시 북구 화명대로 119 ,0,0,7eleven
471,부산광역시 북구 화명대로 16 제1층 제102호,0,0,7eleven
472,부산광역시 북구 화명신도시로 133 1층 104호,0,0,7eleven
473,부산광역시 강서구 화전산단5로 118번길 41 ,0,0,7eleven
474,부산광역시 중구 중구로 160 2층,0,0,7eleven
475,부산광역시 남구 용소로64번길 84,0,0,7eleven
476,부산시 동래구 사직로 45 ,0,0,7eleven
477,부산시 동래구 여고북로 102 ,0,0,7eleven
478,부산시 부산진구 부전로 66번길 34 ,0,0,7eleven
479,부산시 부산진구 신천대로 50번길 61 ,0,0,7eleven
480,부산광역시 강서구 유통단지1로49번길 6 와이엔제이빌딩 107호,0,0,7eleven
481,부산광역시 해운대구 센텀1로 9 롯데갤러리움센텀 E-105,0,0,7eleven
482,부산광역시 해운대구 해운대로76번길 58,0,0,7eleven
483,부산광역시 사상구 새벽로 226,0,0,7eleven
484,부산광역시 서구 송도해변로 133,0,0,7eleven
485,부산광역시 해운대구 해운대로 1140-17 ,0,0,7eleven
486,부산광역시 수영구 광안해변로 344번길 9-3,0,0,7eleven
487,부산광역시 수영구 수영로 704번지,0,0,7eleven
488,부산광역시 수영구 수영로 725번길 72,0,0,7eleven
489,부산광역시 수영구 무학로 21번길72 ,0,0,7eleven
490,부산광역시 수영구 남천동로 108길 5 ,0,0,7eleven
491,부산광역시 수영구 수미로 50,0,0,7eleven
492,부산 남구 문현동 수영로 26 대림시티프라자157호,0,0,7eleven
493,부산시 연제구 과정로 225번길 9 ,0,0,7eleven
494,부산시 연제구 중앙대로 1118 ,0,0,7eleven
495,부산시 연제구 월드컵대로 109 ,0,0,7eleven
496,부산광역시 해운대구 반송순환로 141,0,0,7eleven
497,부산광역시 부산진구 가야대로 719,0,0,7eleven
498,부산시 동래구 충렬대로 107번길 19 ,0,0,7eleven
499,부산광역시 동래구 금강공원로 43 제1층,0,0,7eleven
500,부산광역시 해운대구 해운대로452번길 동심아파트 1034호,0,0,7eleven
501,부산광역시 해운대구 해운대로483번길 8-1 ,0,0,7eleven
502,부산광역시 사하구 장평로 145번길 47,0,0,7eleven
503,부산광역시 사하구 하신중앙로 2,0,0,7eleven
504,부산광역시 기장군 장안읍 동해고속도로 26,0,0,7eleven
505,부산광역시 금정구 중앙대로 1719번길 61,0,0,7eleven
506,부산광역시 해운대구 재송1로 34 ,0,0,7eleven
507,부산광역시 사상구 백양대로494번길 37 지하1층 일부,0,0,7eleven
508,부산광역시 중구 충장대로9번길 55 ,0,0,7eleven
509,부산시 부산진구 중앙대로 605 ,0,0,7eleven
510,부산광역시 사하구 낙동남로 1399 1층,0,0,7eleven
511,부산광역시 사상구 대동로 84,0,0,7eleven
512,부산광역시 영도구 태종로 727 ,0,0,7eleven
513,부산광역시 해운대구 해운대해변로221번길 16-1,0,0,7eleven
514,부산 해운대구 해운대해변로209번가길 7,0,0,7eleven
515,부산광역시 해운대구 해운대해변로 310,0,0,7eleven
516,부산광역시 해운대구 해운대로 875 1층,0,0,7eleven
517,부산광역시 해운대구 구남로 42-1 ,0,0,7eleven
518,부산광역시 해운대구 센텀동로 51 ,0,0,7eleven
519,부산광역시 해운대구 마린시티1로 137,0,0,7eleven
520,부산광역시 해운대구 해운대해변로348 해운대비치베르빌101호,0,0,7eleven
521,부산광역시 해운대구 마린시티3로 23 벽산오렌지프라자 136호,0,0,7eleven
522,부산광역시 남구 신선로 168 ,0,0,7eleven
523,부산 동구 자성로134 ,0,0,gs
524,부산 연제구 월드컵대로164번길26,0,0,gs
525,부산 남구 수영로지하 324 ,0,0,gs
526,부산 수영구 수영로지하 576,0,0,gs
527,부산 동래구 중앙대로1414,0,0,gs
528,부산 해운대구 해운대로지하 396,0,0,gs
529,부산 중구 구덕로지하 80 ,0,0,gs
530,부산 해운대구 해운대로지하 626,0,0,gs
531,부산 부산진구 중앙대로지하 730,0,0,gs
532,부산 부산진구 가야대로777,0,0,gs
533,부산 해운대구 우동1524 지하철 센텀시티역,0,0,gs
534,부산 연제구 중앙대로지하 1101,0,0,gs
535,부산 해운대구 해운대로지하 820,0,0,gs
536,부산 서구 구덕로지하 170 ,0,0,gs
537,부산 해운대구 구남로46 ,0,0,gs
538,부산 강서구 가락대로397 ,0,0,gs
539,부산 부산진구 가야대로482번길62 ,0,0,gs
540,부산 부산진구 가야공원로34 ,0,0,gs
541,부산 부산진구 엄광로238번길4,0,0,gs
542,부산 부산진구 엄광로68,0,0,gs
543,부산 부산진구 엄광로212,0,0,gs
544,부산 부산진구 가야대로600,0,0,gs
545,부산 부산진구 대학로78,0,0,gs
546,부산 부산진구 가야대로572번길18,0,0,gs
547,부산 남구 우암로104번길29 ,0,0,gs
548,부산 남구 홍곡로10,0,0,gs
549,부산 남구 무민사로13,0,0,gs
550,부산 남구 우암로26번길8,0,0,gs
551,부산 사상구 새벽시장로25,0,0,gs
552,부산 사상구 대동로313,0,0,gs
553,부산 사하구 옥천로3 ,0,0,gs
554,부산 사하구 감천로46,0,0,gs
555,부산 사하구 원양로402 ,0,0,gs
556,부산 사하구 원양로324 ,0,0,gs
557,부산 사상구 낙동대로1210번길34 ,0,0,gs
558,부산 강서구 가락대로695 ,0,0,gs
559,부산 강서구 낙동북로67,0,0,gs
560,부산 강서구 대저동서로245 ,0,0,gs
561,부산 강서구 미음국제2로가길29,0,0,gs
562,부산 강서구 명지오션시티4로67,0,0,gs
563,부산 강서구 범방3로68번길1 ,0,0,gs
564,부산 강서구 가락대로1273 ,0,0,gs
565,부산 강서구 제도로941,0,0,gs
566,부산 강서구 신호산단2로41 ,0,0,gs
567,부산 강서구 호계로8 ,0,0,gs
568,부산 강서구 과학산단로306번길11 ,0,0,gs
569,부산 강서구 명지오션시티9로21,0,0,gs
570,부산 강서구 평강로297 ,0,0,gs
571,부산 부산진구 백양대로262,0,0,gs
572,부산 부산진구 복지로85 ,0,0,gs
573,부산광역시 부산진구 복지로21번길39-1,0,0,gs
574,부산 부산진구 엄광로19,0,0,gs
575,부산 부산진구 가야대로450,0,0,gs
576,부산 부산진구 복지로22,0,0,gs
577,부산 연제구 여고로14번길65,0,0,gs
578,부산 연제구 거제천로104 ,0,0,gs
579,부산 연제구 거제천로17 ,0,0,gs
580,부산 연제구 해맞이로77번길22,0,0,gs
581,부산 연제구 해맞이로69 ,0,0,gs
582,부산 연제구 법원북로33 ,0,0,gs
583,부산 남구 수영로298 ,0,0,gs
584,부산 동구 고관로75 ,0,0,gs
585,부산 서구 감천로262,0,0,gs
586,부산 북구 낙동북로772번길54 ,0,0,gs
587,부산 중구 광복로88,0,0,gs
588,부산 중구 광복로97번길15,0,0,gs
589,부산 수영구 수영로648 ,0,0,gs
590,부산 수영구 광안해변로159 ,0,0,gs
591,부산 수영구 연수로382번길4 ,0,0,gs
592,부산 수영구 광안해변로195,0,0,gs
593,부산 수영구 수영로535 ,0,0,gs
594,부산 수영구 남천바다로21번길6,0,0,gs
595,부산 수영구 광안로35번길82,0,0,gs
596,부산 수영구 민락수변로49,0,0,gs
597,부산 수영구 수영로592,0,0,gs
598,부산 수영구 수영로582번길10,0,0,gs
599,부산 수영구 광안해변로326번길32,0,0,gs
600,부산 수영구 무학로33번길40 ,0,0,gs
601,부산 수영구 광안동 744-33 광안유림주상복합상가,0,0,gs
602,부산 수영구 광안로21번가길22,0,0,gs
603,부산 수영구 수영로639 ,0,0,gs
604,부산 수영구 광안해변로229,0,0,gs
605,부산 사상구 낙동대로1210번길78 ,0,0,gs
606,부산 사상구 사상로202번길39 ,0,0,gs
607,부산 사상구 사상로224번길13 ,0,0,gs
608,부산 사상구 새벽로202번길25,0,0,gs
609,부산 사상구 사상로212번길26,0,0,gs
610,부산 사상구 사상로202번길12,0,0,gs
611,부산 사상구 백양대로667,0,0,gs
612,부산 사상구 사상로212번길12,0,0,gs
613,부산 사하구 승학로221,0,0,gs
614,부산 사하구 사하로199-1,0,0,gs
615,부산 사하구 승학로284번길42 ,0,0,gs
616,부산 사하구 마하로10,0,0,gs
617,부산 사하구 사리로64-1,0,0,gs
618,부산 사하구 다대로72,0,0,gs
619,부산 사하구 낙동대로214,0,0,gs
620,부산 사하구 사하로166,0,0,gs
621,부산 사하구 오작로145 ,0,0,gs
622,부산 사상구 백양대로934번길94,0,0,gs
623,부산 북구 백양대로1036번길5 ,0,0,gs
624,부산 북구 만덕1로49 ,0,0,gs
625,부산 북구 백양대로1100,0,0,gs
626,부산 금정구 금강로403번길18 ,0,0,gs
627,부산 금정구 체육공원로37,0,0,gs
628,부산 금정구 금강로503,0,0,gs
629,부산 금정구 중앙대로1805번길6 ,0,0,gs
630,부산 금정구 금강로565번길51 ,0,0,gs
631,부산 금정구 금정로237번길20,0,0,gs
632,부산 사하구 감천항로433 ,0,0,gs
633,부산 사하구 감천항로527 ,0,0,gs
634,부산 사하구 을숙도대로709번길31,0,0,gs
635,부산 사상구 모라로90,0,0,gs
636,부산 북구 팽나무로18,0,0,gs
637,부산 북구 백양대로1063번길1,0,0,gs
638,부산 북구 모분재로103 ,0,0,gs
639,부산 북구 시랑로141번길37 ,0,0,gs
640,부산 북구 금곡대로7번길38 ,0,0,gs
641,부산 북구 구포만세길89,0,0,gs
642,부산 북구 낙동대로1762번길9,0,0,gs
643,부산 북구 팽나무로51,0,0,gs
644,부산 북구 시랑로103 ,0,0,gs
645,부산 북구 낙동대로1762번길76,0,0,gs
646,부산 해운대구 해운대로469번길8,0,0,gs
647,부산 북구 금곡대로550번길30,0,0,gs
648,부산 북구 효열로37번길26 ,0,0,gs
649,부산 북구 효열로135,0,0,gs
650,부산 북구 금곡대로616번길10-7,0,0,gs
651,부산 금정구 공단로21 ,0,0,gs
652,부산 금정구 삼어로206,0,0,gs
653,부산 금정구 금사로100 ,0,0,gs
654,부산 금정구 무학송로134,0,0,gs
655,부산 금정구 금정로149번길8 ,0,0,gs
656,부산 기장군 기장읍 차성서로80,0,0,gs
657,부산 기장군 기장읍 차성동로88,0,0,gs
658,부산 기장군 기장읍 차성동로167-10 ,0,0,gs
659,부산 기장군 기장읍 차성동로172번길22 ,0,0,gs
660,부산 기장군 기장읍 대청로71번길13,0,0,gs
661,부산 기장군 기장읍 대청로45번길19,0,0,gs
662,부산 기장군 기장읍 차성동로126번길15 ,0,0,gs
663,부산 기장군 기장읍 읍내로101 ,0,0,gs
664,부산 기장군 기장읍내리 791-5번지 101호,0,0,gs
665,부산 기장군 기장읍 배산로8번길72,0,0,gs
666,부산 기장군 기장읍 청강로76,0,0,gs
667,부산 기장군 장안읍 좌동길40 ,0,0,gs
668,부산 기장군 기장읍 차성남로65번길3 ,0,0,gs
669,부산 기장군 기장읍 차성로461,0,0,gs
670,부산 기장군 기장읍 차성로218 ,0,0,gs
671,부산 기장군 기장읍 대청로72번길9,0,0,gs
672,부산 기장군 기장읍 차성남로91,0,0,gs
673,부산 기장군 기장읍 차성서로51,0,0,gs
674,부산 기장군 기장읍 대변로14 ,0,0,gs
675,부산 기장군 기장읍 차성로340,0,0,gs
676,부산 기장군 기장읍 차성동로157,0,0,gs
677,부산 해운대구 반여로67,0,0,gs
678,부산 사하구 서포로30번길42,0,0,gs
679,부산 사하구 신산북로41,0,0,gs
680,부산 금정구 범어천로38번길29 ,0,0,gs
681,부산 금정구 금단로136,0,0,gs
682,부산 금정구 두실로16 ,0,0,gs
683,부산 금정구 중앙대로2044 ,0,0,gs
684,부산 금정구 금샘로526,0,0,gs
685,부산 금정구 남산로30,0,0,gs
686,부산 수영구 수영로479 ,0,0,gs
687,부산 수영구 남천동로91,0,0,gs
688,부산 수영구 수영로452-13 ,0,0,gs
689,부산 수영구 남천동로24번길30,0,0,gs
690,부산 수영구 수영로476번길11 ,0,0,gs
691,부산 수영구 남천동로10번길58,0,0,gs
692,부산 중구 보수대로14,0,0,gs
693,부산 영도구 절영로35번길27 ,0,0,gs
694,부산 영도구 남항로13,0,0,gs
695,부산 중구 중앙대로80,0,0,gs
696,부산 강서구 녹산산단232로38-3,0,0,gs
697,부산 강서구 대저로275 ,0,0,gs
698,부산 사상구 광장로21번길63,0,0,gs
699,부산 사하구 사리로7번길27 ,0,0,gs
700,부산 중구 중앙대로지하 17,0,0,gs
701,부산 금정구 부곡로141번길10 ,0,0,gs
702,부산 연제구 시청로32번길4,0,0,gs
703,부산 영도구 해양로113 ,0,0,gs
704,부산 사하구 다대낙조2길85 ,0,0,gs
705,부산 사하구 다대낙조2길100,0,0,gs
706,부산 사하구 다송로72번길64,0,0,gs
707,부산 사하구 다대동로54 ,0,0,gs
708,부산 사하구 다대로680,0,0,gs
709,부산 사하구 윤공단로3 ,0,0,gs
710,부산 사하구 다송로70 ,0,0,gs
711,부산 사하구 다대로636,0,0,gs
712,부산 사하구 다대동로19 ,0,0,gs
713,부산 사하구 윤공단로14번길61 ,0,0,gs
714,부산 사하구 다송로36 ,0,0,gs
715,부산 사하구 다대로702,0,0,gs
716,부산 사하구 다대로473,0,0,gs
717,부산 사하구 다대로474 ,0,0,gs
718,부산 해운대구 달맞이길193,0,0,gs
719,부산 해운대구 달맞이길117번나길93,0,0,gs
720,부산 기장군 정관면 달산3길18 ,0,0,gs
721,부산 부산진구 당감서로81 ,0,0,gs
722,부산 부산진구 가야대로635-13,0,0,gs
723,부산 부산진구 가야대로703번나길4,0,0,gs
724,부산 사하구 승학로132,0,0,gs
725,부산 사하구 낙동대로422,0,0,gs
726,부산 사하구 제석로18번길77 ,0,0,gs
727,부산 사하구 제석로160,0,0,gs
728,부산 사하구 낙동대로450번길2 ,0,0,gs
729,부산 부산진구 성지로155,0,0,gs
730,부산 북구 화명신도시로37,0,0,gs
731,부산 해운대구 대천로103번길9 ,0,0,gs
732,부산 서구 구덕로334,0,0,gs
733,부산 서구 대티로161,0,0,gs
734,부산 서구 구덕로350 ,0,0,gs
735,부산 서구 고운들로181,0,0,gs
736,부산 서구 꽃마을로45 ,0,0,gs
737,부산 남구 유엔로197,0,0,gs
738,부산 남구 수영로267번길20 ,0,0,gs
739,부산 남구 수영로208번길15,0,0,gs
740,부산 남구 수영로135,0,0,gs
741,부산 남구 유엔로169번길60 ,0,0,gs
742,부산 남구 신선로490 ,0,0,gs
743,부산 남구 수영로250번길11-2,0,0,gs
744,부산 남구 용소로64번길140,0,0,gs
745,부산 남구 수영로286 ,0,0,gs
746,부산 남구 수영로244,0,0,gs
747,부산 남구 유엔평화로26,0,0,gs
748,부산 남구 수영로345,0,0,gs
749,부산 남구 황령대로319번가길190-6,0,0,gs
750,부산 강서구 공항로1309번길6 ,0,0,gs
751,부산 강서구 대저로153 ,0,0,gs
752,부산 남구 분포로145,0,0,gs
753,부산 해운대구 센텀동로123,0,0,gs
754,부산 북구 만덕대로28번길9,0,0,gs
755,부산 북구 만덕대로104,0,0,gs
756,부산 북구 만덕대로39번길21,0,0,gs
757,부산 북구 의성로115번길147 ,0,0,gs
758,부산 북구 덕천동382-4번지 덕천센트럴병원 1층,0,0,gs
759,부산 북구 금곡대로20번길49 ,0,0,gs
760,부산 북구 만덕대로65번길65,0,0,gs
761,부산 북구 백양대로1202,0,0,gs
762,부산 북구 만덕대로16번길8,0,0,gs
763,부산 북구 모분재로23번길120,0,0,gs
764,부산 사상구 덕상로25 ,0,0,gs
765,부산 사상구 삼덕로73 ,0,0,gs
766,부산 동구 중앙대로192,0,0,gs
767,부산 동구 망양로793 ,0,0,gs
768,부산 동구 수정로12,0,0,gs
769,부산 동구 중앙대로296번길3-2 ,0,0,gs
770,부산 서구 보수대로154번길16,0,0,gs
771,부산 동래구 중앙대로1381번길49 ,0,0,gs
772,부산 동래구 충렬대로92,0,0,gs
773,부산 동래구 금강로150,0,0,gs
774,부산 동래구 온천천로339번길51 ,0,0,gs
775,부산 동래구 충렬대로144 ,0,0,gs
776,부산 동래구 충렬대로184 ,0,0,gs
777,부산 동래구 명륜로65,0,0,gs
778,부산 동래구 삼성대길23,0,0,gs
779,부산 동래구 금정마을로150,0,0,gs
780,부산 동래구 충렬대로107번길65,0,0,gs
781,부산 동래구 충렬대로137번길11 ,0,0,gs
782,부산 동래구 명안로78,0,0,gs
783,부산 동래구 충렬대로238번가길6,0,0,gs
784,부산 동래구 문화로33,0,0,gs
785,부산 동래구 명륜로98번길3 ,0,0,gs
786,부산 동래구 아시아드대로208번길9,0,0,gs
787,부산 동래구 명륜로170 ,0,0,gs
788,부산 동래구 금강로85 ,0,0,gs
789,부산 동래구 명륜로111,0,0,gs
790,부산 동래구 쇠미로129번길67,0,0,gs
791,부산 동래구 쇠미로153,0,0,gs
792,부산 동래구 반송로164,0,0,gs
793,부산 동구 정공단로27,0,0,gs
794,부산 서구 보수대로268 ,0,0,gs
795,부산 사하구 낙동대로516번길56,0,0,gs
796,부산 중구 영주로73,0,0,gs
797,부산 부산진구 양지로54,0,0,gs
798,부산 부산진구 양지로50,0,0,gs
799,부산 부산진구 엄광로176,0,0,gs
800,부산 동구 조방로14 ,0,0,gs
801,부산 사하구 승학로283,0,0,gs
802,부산 금정구 중앙대로1929번길11,0,0,gs
803,부산 금정구 중앙대로1911 ,0,0,gs
804,부산 해운대구 구남로37,0,0,gs
805,부산 북구 덕천로234번길42 ,0,0,gs
806,부산 북구 만덕동818 ,0,0,gs
807,부산 북구 만덕2로44번길72,0,0,gs
808,부산 북구 은행나무로15 ,0,0,gs
809,부산 북구 덕천로235,0,0,gs
810,부산 북구 만덕1로7 ,0,0,gs
811,부산 북구 만덕대로327,0,0,gs
812,부산 북구 만덕2로14,0,0,gs
813,부산 북구 상학산복길235,0,0,gs
814,부산 북구 함박봉로140번길8 ,0,0,gs
815,부산 수영구 과정로29,0,0,gs
816,부산 수영구 망미배산로76번가길4 ,0,0,gs
817,부산 수영구 연수로296번길59,0,0,gs
818,부산 연제구 토현로6,0,0,gs
819,부산 수영구 금련로43번길37 ,0,0,gs
820,부산 남구 분포로111,0,0,gs
821,부산 남구 분포로113,0,0,gs
822,부산 동래구 명륜로129번길20,0,0,gs
823,부산 동래구 명륜동558-7번지 명륜자이아파트 상가,0,0,gs
824,부산 동래구 온천장로1-1 ,0,0,gs
825,부산 동래구 온천장로21,0,0,gs
826,부산 동래구 시실로206 ,0,0,gs
827,부산 동래구 충렬사로53 ,0,0,gs
828,부산 강서구 명지국제6로240,0,0,gs
829,부산 강서구 명지국제5로59,0,0,gs
830,부산 강서구 명지국제2로28번길23,0,0,gs
831,부산 강서구 명지국제5로11,0,0,gs
832,부산 강서구 명지동명지국제신도시B10블럭 대방노블랜드 1차상가 105호,0,0,gs
833,부산 강서구 명지오션시티4로90,0,0,gs
834,부산 강서구 명지국제2로16,0,0,gs
835,부산 강서구 명지국제6로302번길3,0,0,gs
836,부산 강서구 명지국제2로41,0,0,gs
837,부산 사상구 백양대로906,0,0,gs
838,부산 사상구 모라로110번길141,0,0,gs
839,부산 남구 대연5동1415-8번지,0,0,gs
840,부산 남구 못골번영로40번길25 ,0,0,gs
841,부산 남구 수영로39번길37 ,0,0,gs
842,부산 남구 전포대로17,0,0,gs
843,부산 남구 전포대로16,0,0,gs
844,부산 동래구 충렬대로108번길25,0,0,gs
845,부산 동래구 아시아드대로249,0,0,gs
846,부산 강서구 구랑동미음산단로 129,0,0,gs
847,부산 수영구 민락본동로19번길68 ,0,0,gs
848,부산 수영구 민락수변로17번길5 ,0,0,gs
849,부산 수영구 광안해변로311,0,0,gs
850,부산 수영구 광안해변로286,0,0,gs
851,부산 중구 망양로459 ,0,0,gs
852,부산 동래구 아시아드대로234,0,0,gs
853,부산 기장군 장안읍 반룡산단1로6-25,0,0,gs
854,부산 해운대구 신반송로163,0,0,gs
855,부산 해운대구 아랫반송로21번길2,0,0,gs
856,부산 해운대구 아랫반송로60번길48,0,0,gs
857,부산 해운대구 아랫반송로29번길92,0,0,gs
858,부산 해운대구 반송동892,0,0,gs
859,부산 해운대구 선수촌로124,0,0,gs
860,부산 해운대구 선수촌로41,0,0,gs
861,부산 해운대구 선수촌로85-1 ,0,0,gs
862,부산 해운대구 선수촌로146-4,0,0,gs
863,부산 해운대구 재반로226번길15,0,0,gs
864,부산 해운대구 재반로257 ,0,0,gs
865,부산 부산진구 백양산로53번길79 ,0,0,gs
866,부산 동구 초량중로114,0,0,gs
867,부산 금정구 중앙대로2110 ,0,0,gs
868,부산 금정구 중앙대로2121 ,0,0,gs
869,부산 동구 범일로102번길16-3 ,0,0,gs
870,부산 부산진구 신암로34,0,0,gs
871,부산 부산진구 범일로192번길10,0,0,gs
872,부산 부산진구 만리산로11,0,0,gs
873,부산 연제구 법원남로15번길9 ,0,0,gs
874,부산 해운대구 양운로45,0,0,gs
875,부산 해운대구 APEC로55,0,0,gs
876,부산 해운대구 해운대로365,0,0,gs
877,부산 해운대구 APEC로55 ,0,0,gs
878,부산 중구 보수대로106번길13,0,0,gs
879,부산 사상구 양지로8,0,0,gs
880,부산 사하구 승학로8,0,0,gs
881,부산 남구 양지골로110,0,0,gs
882,부산 남구 용소로19번길54,0,0,gs
883,부산 남구 용소로46,0,0,gs
884,부산 남구 용소로45,0,0,gs
885,부산 남구 황령대로492번길24,0,0,gs
886,부산 남구 대연동 561-1,0,0,gs
887,부산 남구 수영로322번길53 ,0,0,gs
888,부산 금정구 동현로106 ,0,0,gs
889,부산 금정구 동부곡로5번길8,0,0,gs
890,부산 금정구 중앙대로1793번길50,0,0,gs
891,부산 금정구 부곡로41 ,0,0,gs
892,부산 동구 충장대로206 ,0,0,gs
893,부산 금정구 금강로231,0,0,gs
894,부산 금정구 수림로85번길47,0,0,gs
895,부산 금정구 금정로68번길15,0,0,gs
896,부산 금정구 부산대학로61,0,0,gs
897,부산 금정구 금강로279번길97-13,0,0,gs
898,부산 금정구 장전온천천로51,0,0,gs
899,부산 서구 임시수도기념로9 ,0,0,gs
900,부산 서구 구덕로235 ,0,0,gs
901,부산 강서구 가락대로989 ,0,0,gs
902,부산 사하구 동매로9,0,0,gs
903,부산 사하구 을숙도대로873 ,0,0,gs
904,부산 강서구 명지새동네길2번길1,0,0,gs
905,부산 부산진구 냉정로214,0,0,gs
906,부산 연제구 법원북로93,0,0,gs
907,부산 동래구 아시아드대로228번길8 ,0,0,gs
908,부산 남구 지게골로33-4 ,0,0,gs
909,부산 강서구 공항진입로42번길54 ,0,0,gs
910,부산 북구 시랑로132번길88 ,0,0,gs
911,부산 북구 시랑로132번길88,0,0,gs
912,부산 수영구 무학로22번길35,0,0,gs
913,부산 수영구 호암로29번길75,0,0,gs
914,부산 수영구 장대골로45번길5,0,0,gs
915,부산 수영구 광일로30,0,0,gs
916,부산 동구 중앙대로180번길12,0,0,gs
917,부산 북구 금곡대로636번길19 ,0,0,gs
918,부산 금정구 개좌로98 ,0,0,gs
919,부산 남구 문현금융로40 ,0,0,gs
920,부산 금정구 부산대학로50번길34,0,0,gs
921,부산 금정구 팔송로46,0,0,gs
922,부산 중구 남포길17,0,0,gs
923,부산 금정구 부산대학로63번길2,0,0,gs
924,부산 금정구 부산대학로63번길2 ,0,0,gs
925,부산 서구 구덕로179,0,0,gs
926,부산 서구 까치고개로197번길25 ,0,0,gs
927,부산 남구 진남로159 ,0,0,gs
928,부산 금정구 부산대학로38번길32 ,0,0,gs
929,부산 금정구 중앙대로1617-12,0,0,gs
930,부산 금정구 부산대학로49번길23,0,0,gs
931,부산 금정구 부산대학로63,0,0,gs
932,부산 사상구 사상로310번길41,0,0,gs
933,부산 북구 만덕3로17 ,0,0,gs
934,부산 중구 중구로121,0,0,gs
935,부산 동래구 명장로80번길3 ,0,0,gs
936,부산 사하구 몰운대1길17 ,0,0,gs
937,부산 남구 전포대로108-1,0,0,gs
938,부산 남구 문현로25,0,0,gs
939,부산 동래구 미남로131,0,0,gs
940,부산 중구 망양로358번길1 ,0,0,gs
941,부산 부산진구 복지로75,0,0,gs
942,부산 동구 조방로34번길1,0,0,gs
943,부산 중구 대청로53번길23 ,0,0,gs
944,부산 연제구 월드컵대로190 ,0,0,gs
945,부산 금정구 부곡로142번길13,0,0,gs
946,부산 북구 만덕대로65번길7,0,0,gs
947,부산 북구 구포동1186-1번지,0,0,gs
948,부산 사상구 광장로77,0,0,gs
949,부산 동래구 사직북로13번길9,0,0,gs
950,부산 서구 보수대로9 ,0,0,gs
951,부산 부산진구 가야대로784번길58 ,0,0,gs
952,부산 남구 유엔로52 ,0,0,gs
953,부산 부산진구 새싹로177,0,0,gs
954,부산 부산진구 중앙대로981,0,0,gs
955,부산 수영구 수영로775,0,0,gs
956,부산 동구 수정동로23 ,0,0,gs
957,부산 부산진구 시민공원로73,0,0,gs
958,부산 부산진구 동평로293 ,0,0,gs
959,부산 사상구 백양대로700번길13,0,0,gs
960,부산 동래구 충렬대로378 ,0,0,gs
961,부산 부산진구 동평로405번길123,0,0,gs
962,부산 부산진구 진남로494-1,0,0,gs
963,부산 동구 중앙대로203,0,0,gs
964,부산 연제구 월드컵대로145번길24 ,0,0,gs
965,부산 해운대구 반송순환로142,0,0,gs
966,부산 중구 대영로224번길11 ,0,0,gs
967,부산 금정구 두실로55-2,0,0,gs
968,부산 남구 용호로198번길11,0,0,gs
969,부산 사하구 낙동남로1233번길34 ,0,0,gs
970,부산 기장군 장안읍 장안로28 ,0,0,gs
971,부산 금정구 금정로119번길6,0,0,gs
972,부산 부산진구 전포대로176번길16 ,0,0,gs
973,부산 금정구 중앙대로2238,0,0,gs
974,부산 중구 해관로36,0,0,gs
975,부산 부산진구 동평로275번길16 ,0,0,gs
976,부산 동구 수정동26-2번지 협성휴포레부산진역아파트근린생활시설 302동 105호,0,0,gs
977,부산 동구 초량중로24,0,0,gs
978,부산 금정구 청룡로23 ,0,0,gs
979,부산 동구 초량로59-2,0,0,gs
980,부산 동래구 충렬대로254 ,0,0,gs
981,부산 중구 충장대로3 ,0,0,gs
982,부산 금정구 오륜대로51,0,0,gs
983,부산 중구 동영로64번길21,0,0,gs
984,부산 영도구 해양로12 ,0,0,gs
985,부산 금정구 회동동개좌로 264,0,0,gs
986,부산 부산진구 동평로193 ,0,0,gs
987,부산 부산진구 백양순환로144,0,0,gs
988,부산 부산진구 새싹로30 ,0,0,gs
989,부산 부산진구 서면문화로44-1,0,0,gs
990,부산 부산진구 동천로117 ,0,0,gs
991,부산 해운대구 좌동순환로237,0,0,gs
992,부산 중구 비프광장로30 ,0,0,gs
993,부산 사상구 낙동대로910 ,0,0,gs
994,부산 사상구 백양대로526,0,0,gs
995,부산 사상구 광장로88,0,0,gs
996,부산 사상구 학감대로260,0,0,gs
997,부산 사상구 사상로211번길51,0,0,gs
998,부산 사상구 대동로242 ,0,0,gs
999,부산 사상구 엄궁로71,0,0,gs
1000,부산 사상구 사상로164 ,0,0,gs
1001,부산 사상구 모덕로51 ,0,0,gs
1002,부산 사상구 사상로531번길12 ,0,0,gs
1003,부산 사상구 광장로20번길13,0,0,gs
1004,부산 사상구 덕상로112,0,0,gs
1005,부산 사상구 광장로54,0,0,gs
1006,부산 동래구 석사북로51,0,0,gs
1007,부산 동래구 아시아드대로188 ,0,0,gs
1008,부산 동래구 아시아드대로231번길52 ,0,0,gs
1009,부산 동래구 여고로51번길48 ,0,0,gs
1010,부산 동래구 미남로102,0,0,gs
1011,부산 동래구 사직로8,0,0,gs
1012,부산 동래구 사직북로37 ,0,0,gs
1013,부산 동래구 사직로70번길76 ,0,0,gs
1014,부산 동래구 아시아드대로154번길88 ,0,0,gs
1015,부산 사하구 괴정로258,0,0,gs
1016,부산 사하구 감천항로187,0,0,gs
1017,부산 사하구 낙동대로436번길48 ,0,0,gs
1018,부산 사하구 낙동대로302번길3 ,0,0,gs
1019,부산 사하구 낙동대로267,0,0,gs
1020,부산 사하구 장평로303,0,0,gs
1021,부산 사하구 장평로17,0,0,gs
1022,부산 사하구 감천로55 ,0,0,gs
1023,부산 사하구 비봉로93,0,0,gs
1024,부산 사상구 모덕로32 ,0,0,gs
1025,부산 사상구 낙동대로1228 ,0,0,gs
1026,부산 동래구 충렬대로51 ,0,0,gs
1027,부산 서구 대티로170 ,0,0,gs
1028,부산 사하구 낙동대로457번길27,0,0,gs
1029,부산 서구 구덕로285번길24-1,0,0,gs
1030,부산 서구 충무대로158,0,0,gs
1031,부산 서구 충무시장길19 ,0,0,gs
1032,부산 서구 구덕로148번길1 ,0,0,gs
1033,부산 서구 구덕로120-1 ,0,0,gs
1034,부산 서구 부용로39-5,0,0,gs
1035,부산 서구 대영로45번길102 ,0,0,gs
1036,부산 금정구 서동로194 ,0,0,gs
1037,부산 금정구 서동로105,0,0,gs
1038,부산 금정구 서부로37,0,0,gs
1039,부산 금정구 서동로164,0,0,gs
1040,부산 금정구 반송로355 ,0,0,gs
1041,부산 금정구 서동로178,0,0,gs
1042,부산 금정구 서동로175번길25-4,0,0,gs
1043,부산 부산진구 중앙대로686,0,0,gs
1044,부산 부산진구 중앙대로713 ,0,0,gs
1045,부산 부산진구 서전로38번길65,0,0,gs
1046,부산 부산진구 동평로162,0,0,gs
1047,부산 부산진구 동천로10-1 ,0,0,gs
1048,부산 부산진구 가야대로773-3,0,0,gs
1049,부산 부산진구 중앙대로691번길28,0,0,gs
1050,부산 부산진구 부전로43,0,0,gs
1051,부산 부산진구 부전로95번길6,0,0,gs
1052,부산 부산진구 새싹로14번길13,0,0,gs
1053,부산 부산진구 부전로66번길10,0,0,gs
1054,부산 부산진구 동성로50,0,0,gs
1055,부산 부산진구 황령대로9 ,0,0,gs
1056,부산 부산진구 중앙대로777,0,0,gs
1057,부산 부산진구 신천대로62번길34,0,0,gs
1058,부산 부산진구 중앙대로680번길45-9,0,0,gs
1059,부산 부산진구 중앙대로712-1 ,0,0,gs
1060,부산 부산진구 서면로19-1,0,0,gs
1061,부산 부산진구 서전로35,0,0,gs
1062,부산 부산진구 중앙대로680번길21,0,0,gs
1063,부산 부산진구 부전로48 ,0,0,gs
1064,부산 부산진구 부전로95번길29,0,0,gs
1065,부산 남구 못골로12번길29 ,0,0,gs
1066,부산 북구 낙동대로1780번길15,0,0,gs
1067,부산 해운대구 센텀중앙로78,0,0,gs
1068,부산 해운대구 해운대로76번길40,0,0,gs
1069,부산 해운대구 센텀2로33,0,0,gs
1070,부산 해운대구 해운대로61번가길6,0,0,gs
1071,부산 수영구 수영로677,0,0,gs
1072,부산 해운대구 센텀중앙로97,0,0,gs
1073,부산 해운대구 해운대로394번길17,0,0,gs
1074,부산 해운대구 해운대로76번길55,0,0,gs
1075,부산 해운대구 해운대로469번길190,0,0,gs
1076,부산 해운대구 센텀3로20,0,0,gs
1077,부산 서구 송도해변로113 ,0,0,gs
1078,부산 서구 충무대로34번길47,0,0,gs
1079,부산 해운대구 송정중앙로25 ,0,0,gs
1080,부산 해운대구 송정광어골로24 ,0,0,gs
1081,부산 해운대구 송정해변로8-4,0,0,gs
1082,부산 해운대구 송정중앙로39번길2-1,0,0,gs
1083,부산 수영구 감포로15-1,0,0,gs
1084,부산 수영구 수미로14번길39-1 ,0,0,gs
1085,부산 수영구 광서로16번길3,0,0,gs
1086,부산 수영구 광서로36 ,0,0,gs
1087,부산 수영구 수영로702번길18,0,0,gs
1088,부산 수영구 광일로63,0,0,gs
1089,부산 수영구 무학로21번길89 ,0,0,gs
1090,부산 수영구 망미번영로86-1 ,0,0,gs
1091,부산 수영구 수영로666번길6,0,0,gs
1092,부산 수영구 민락동778 센텀비스타1차 상가 B108호,0,0,gs
1093,부산 수영구 감포로100,0,0,gs
1094,부산 수영구 수영로707,0,0,gs
1095,부산 수영구 수영로611번길13 ,0,0,gs
1096,부산 동구 수정서로8 ,0,0,gs
1097,부산 강서구 빌리지길21 ,0,0,gs
1098,부산 사하구 낙동대로550번길5,0,0,gs
1099,부산 부산진구 백양대로302,0,0,gs
1100,부산 사상구 백양대로700번길140,0,0,gs
1101,부산 강서구 명지국제7로38,0,0,gs
1102,부산 사상구 백양대로887,0,0,gs
1103,부산 남구 신선로309-1,0,0,gs
1104,부산 중구 광복중앙로19-1 ,0,0,gs
1105,부산 사하구 하신번영로151번길40,0,0,gs
1106,부산 사하구 하신번영로191-1 ,0,0,gs
1107,부산 사하구 신산로195,0,0,gs
1108,부산 사하구 하신번영로169,0,0,gs
1109,부산 강서구 신호산단4로68 ,0,0,gs
1110,부산 강서구 신호산단5로31 ,0,0,gs
1111,부산 해운대구 해운대해변로287,0,0,gs
1112,부산 해운대구 마린시티3로51,0,0,gs
1113,부산 동구 중앙대로214번길7-8,0,0,gs
1114,부산 연제구 종합운동장로28번길7,0,0,gs
1115,부산 동래구 시실로49,0,0,gs
1116,부산 동래구 충렬대로459번길40 ,0,0,gs
1117,부산 동래구 연안로74 ,0,0,gs
1118,부산 동래구 안연로84 ,0,0,gs
1119,부산 동래구 충렬대로428번길62,0,0,gs
1120,부산 동래구 명안로18번길3 ,0,0,gs
1121,부산 동래구 충렬대로457번길72,0,0,gs
1122,부산 부산진구 연수로6-1 ,0,0,gs
1123,부산 부산진구 중앙대로993 ,0,0,gs
1124,부산 부산진구 거제대로26 ,0,0,gs
1125,부산 부산진구 연수로54,0,0,gs
1126,부산 부산진구 동평로420,0,0,gs
1127,부산 부산진구 중앙대로910번길13 ,0,0,gs
1128,부산 부산진구 중앙대로970번길10 ,0,0,gs
1129,부산 부산진구 중앙대로895,0,0,gs
1130,부산 부산진구 거제대로48번길13 ,0,0,gs
1131,부산 부산진구 연수로11번길15,0,0,gs
1132,부산 부산진구 진남로583-1 ,0,0,gs
1133,부산 부산진구 양성로95,0,0,gs
1134,부산 사상구 낙동대로751,0,0,gs
1135,부산 사상구 낙동대로790 ,0,0,gs
1136,부산 사하구 낙동대로549번길17,0,0,gs
1137,부산 연제구 중앙대로1124번길15,0,0,gs
1138,부산 연제구 과정로171 ,0,0,gs
1139,부산 연제구 연수로130,0,0,gs
1140,부산 연제구 안연로33,0,0,gs
1141,부산 연제구 금련로7,0,0,gs
1142,부산 연제구 연제로30,0,0,gs
1143,부산 연제구 월드컵대로152,0,0,gs
1144,부산 연제구 과정로191번가길31 ,0,0,gs
1145,부산 연제구 중앙천로37 ,0,0,gs
1146,부산 연제구 신촌로30 ,0,0,gs
1147,부산 연제구 과정로76 ,0,0,gs
1148,부산 연제구 쌍미천로58,0,0,gs
1149,부산 연제구 과정로343번길14,0,0,gs
1150,부산 연제구 고분로13번길54 ,0,0,gs
1151,부산 연제구 거제천로230번길70,0,0,gs
1152,부산 연제구 고분로8,0,0,gs
1153,부산 연제구 거제천로230번길71,0,0,gs
1154,부산 연제구 토곡남로16 ,0,0,gs
1155,부산 연제구 고분로235,0,0,gs
1156,부산 연제구 중앙대로1054번길28,0,0,gs
1157,부산 연제구 안연로8 ,0,0,gs
1158,부산 연제구 고분로116 ,0,0,gs
1159,부산 연제구 봉수로2,0,0,gs
1160,부산 연제구 봉수로25,0,0,gs
1161,부산 연제구 월드컵대로74 ,0,0,gs
1162,부산 연제구 반송로80,0,0,gs
1163,부산 연제구 중앙천로19번길50 ,0,0,gs
1164,부산 연제구 세병로68,0,0,gs
1165,부산 연제구 시청로12,0,0,gs
1166,부산 연제구 연제로7,0,0,gs
1167,부산 부산진구 동평로221 ,0,0,gs
1168,부산 영도구 개나리길1,0,0,gs
1169,부산 영도구 남항서로70번길101,0,0,gs
1170,부산 영도구 대교로14번길2,0,0,gs
1171,부산 영도구 태종로99번길22 ,0,0,gs
1172,부산 영도구 봉래길105,0,0,gs
1173,부산 영도구 절영로93번길48,0,0,gs
1174,부산 영도구 태종로107,0,0,gs
1175,부산 영도구 남항서로80 ,0,0,gs
1176,부산 영도구 동삼로47 ,0,0,gs
1177,부산 영도구 절영로448,0,0,gs
1178,부산 영도구 해양로128 ,0,0,gs
1179,부산 영도구 태종로801,0,0,gs
1180,부산 영도구 태종로768,0,0,gs
1181,부산 영도구 태종로232,0,0,gs
1182,부산 남구 오륙도로85,0,0,gs
1183,부산 북구 만덕고개길64,0,0,gs
1184,부산 기장군 기장읍시랑리 392-1번지,0,0,gs
1185,부산 동래구 차밭골로8,0,0,gs
1186,부산 금정구 식물원로9번길43 ,0,0,gs
1187,부산 동래구 금강로124번길25 ,0,0,gs
1188,부산 동래구 중앙대로1367번길40 ,0,0,gs
1189,부산 동래구 쇠미로235번길9,0,0,gs
1190,부산 금정구 금샘로476-1 ,0,0,gs
1191,부산 남구 신선로393-9 ,0,0,gs
1192,부산 남구 동명로26,0,0,gs
1193,부산 남구 용호로42번길56 ,0,0,gs
1194,부산 남구 용주로6번길66,0,0,gs
1195,부산 남구 동명로144,0,0,gs
1196,부산 남구 동명로129-2,0,0,gs
1197,부산 해운대구 해운대로435 ,0,0,gs
1198,부산 남구 우암로154번길8 ,0,0,gs
1199,부산 남구 우암로154번길60 ,0,0,gs
1200,부산 남구 유엔로120번길43,0,0,gs
1201,부산 금정구 중앙대로1841번길23 ,0,0,gs
1202,부산 남구 이기대공원로12번길1,0,0,gs
1203,부산 서구 원양로125,0,0,gs
1204,부산 기장군 일광면 해빛5로14,0,0,gs
1205,부산 기장군 일광면 일광로113,0,0,gs
1206,부산 기장군 일광면 일광로700,0,0,gs
1207,부산 기장군 일광면 해빛2로21,0,0,gs
1208,부산 기장군 일광면 기장해안로1318,0,0,gs
1209,부산 기장군 일광면 이천10길37,0,0,gs
1210,부산 중구 자갈치로74,0,0,gs
1211,부산 중구 구덕로84번길7,0,0,gs
1212,부산 중구 자갈치로47번길5 ,0,0,gs
1213,부산 사하구 하신중앙로22번길38,0,0,gs
1214,부산 사하구 장림로118,0,0,gs
1215,부산 사하구 하신중앙로12,0,0,gs
1216,부산 사하구 장평로41번길19,0,0,gs
1217,부산 사하구 장림번영로32,0,0,gs
1218,부산 사하구 장평로133 ,0,0,gs
1219,부산 사하구 장평로121 ,0,0,gs
1220,부산 해운대구 양운로42번길11,0,0,gs
1221,부산 기장군 장안읍 월내1길22-9 ,0,0,gs
1222,부산 금정구 금정로20,0,0,gs
1223,부산 금정구 식물원로27 ,0,0,gs
1224,부산 금정구 부산대학로64번길60 ,0,0,gs
1225,부산 해운대구 해운대로81번길84 ,0,0,gs
1226,부산 해운대구 해운대로177번길20,0,0,gs
1227,부산 해운대구 재송1로57,0,0,gs
1228,부산 해운대구 재반로42번길22,0,0,gs
1229,부산 해운대구 재반로62 ,0,0,gs
1230,부산 해운대구 해운대로143번길20,0,0,gs
1231,부산 해운대구 재반로84번길80,0,0,gs
1232,부산 부산진구 중앙대로862,0,0,gs
1233,부산 부산진구 동성로82,0,0,gs
1234,부산 부산진구 동천로72,0,0,gs
1235,부산 부산진구 서전로47번길59,0,0,gs
1236,부산 기장군 정관읍 산단4로39,0,0,gs
1237,부산 기장군 정관면 산단4로1,0,0,gs
1238,부산 기장군 정관면 정관8로28 ,0,0,gs
1239,부산 기장군 정관면 산단7로8-12,0,0,gs
1240,부산 기장군 정관읍 모전1길9,0,0,gs
1241,부산 기장군 정관면 정관4로24,0,0,gs
1242,부산 기장군 정관면 구연방곡로83 ,0,0,gs
1243,부산 기장군 정관읍 정관산업로1135,0,0,gs
1244,부산 기장군 정관읍 구연로19,0,0,gs
1245,부산 기장군 정관면 모전로88,0,0,gs
1246,부산 기장군 정관읍 정관로716 ,0,0,gs
1247,부산 기장군 정관면 구연방곡로9,0,0,gs
1248,부산 기장군 정관면정관7로 17-3,0,0,gs
1249,부산 기장군 정관면 가동길8 ,0,0,gs
1250,부산 기장군 정관읍 정관1로18,0,0,gs
1251,부산 기장군 정관면 정관로350 ,0,0,gs
1252,부산 기장군 정관읍 정관로495,0,0,gs
1253,부산 기장군 정관면 정관로545,0,0,gs
1254,부산 기장군 정관읍 산단6로33-8,0,0,gs
1255,부산 기장군 정관읍 정관1로51,0,0,gs
1256,부산 동구 조방로49번길18,0,0,gs
1257,부산 해운대구 좌동로98,0,0,gs
1258,부산 해운대구 좌동순환로99번길6,0,0,gs
1259,부산 해운대구 좌동로53번길24 ,0,0,gs
1260,부산 해운대구 세실로174,0,0,gs
1261,부산 해운대구 좌동순환로299번길22,0,0,gs
1262,부산 해운대구 대천로38,0,0,gs
1263,부산 해운대구 해운대로789 ,0,0,gs
1264,부산 해운대구 좌동순환로280,0,0,gs
1265,부산 기장군 장안읍 좌천로47 ,0,0,gs
1266,부산 동구 자성로8번길4-5,0,0,gs
1267,부산 사상구 주례로7,0,0,gs
1268,부산 사상구 주례로101 ,0,0,gs
1269,부산 사상구 동주로24 ,0,0,gs
1270,부산 사상구 가야대로330번길67 ,0,0,gs
1271,부산 사상구 진사로42 ,0,0,gs
1272,부산 해운대구 좌동순환로468번길11,0,0,gs
1273,부산 중구 중앙대로31 ,0,0,gs
1274,부산 중구 중앙대로81,0,0,gs
1275,부산 강서구 과학산단2로20번길2 ,0,0,gs
1276,부산 강서구 과학산단로349 ,0,0,gs
1277,부산 강서구 과학산단2로20번길35,0,0,gs
1278,부산 부산진구 동천로34 ,0,0,gs
1279,부산 금정구 청룡로56,0,0,gs
1280,부산 해운대구 청사포로128번길6 ,0,0,gs
1281,부산 영도구 청학남로29번길36 ,0,0,gs
1282,부산 동구 중앙대로226번길3-8,0,0,gs
1283,부산 동구 초량로40번길2 ,0,0,gs
1284,부산 동구 중앙대로320번길3-2,0,0,gs
1285,부산 동구 고관로13번길46,0,0,gs
1286,부산 동구 중앙대로195번가길3 ,0,0,gs
1287,부산 부산진구 월드컵대로472번길70,0,0,gs
1288,부산 부산진구 초읍천로108번길20,0,0,gs
1289,부산 부산진구 새싹로207-21 ,0,0,gs
1290,부산 기장군 일광면 문오성길485-5,0,0,gs
1291,부산 중구 중앙동4가중앙대로 114,0,0,gs
1292,부산 수영구 민락수변로17번길36,0,0,gs
1293,부산 연제구 과정로191번길39,0,0,gs
1294,부산 서구 구덕로186번길5 ,0,0,gs
1295,부산 서구 까치고개로245번길17-19 ,0,0,gs
1296,부산 해운대구 센텀동로9,0,0,gs
1297,부산 해운대구 해운대해변로298번길9,0,0,gs
1298,부산 남구 홍곡로360,0,0,gs
1299,부산광역시 해운대구 마린시티2로38,0,0,gs
1300,부산 해운대구 해운대해변로298번길24,0,0,gs
1301,부산 해운대구 센텀중앙로60,0,0,gs
1302,부산 해운대구 해운대해변로298번길29,0,0,gs
1303,부산 해운대구 센텀1로17,0,0,gs
1304,부산 사하구 다대로311 ,0,0,gs
1305,부산 사하구 하신번영로312번길23,0,0,gs
1306,부산 사하구 하신번영로405,0,0,gs
1307,부산 사하구 낙동남로1389번길9 ,0,0,gs
1308,부산 사하구 하신중앙로296 ,0,0,gs
1309,부산 사하구 동매로117,0,0,gs
1310,부산 사하구 낙동대로520번길1,0,0,gs
1311,부산 사하구 하신중앙로335,0,0,gs
1312,부산 사하구 낙동대로485번길10,0,0,gs
1313,부산 사하구 낙동남로1416,0,0,gs
1314,부산 사하구 제석로6,0,0,gs
1315,부산 사하구 하신중앙로324,0,0,gs
1316,부산 사하구 하신번영로237 ,0,0,gs
1317,부산 사하구 하신번영로266-1 ,0,0,gs
1318,부산 남구 신선로566,0,0,gs
1319,부산 사상구 가야대로176번길24 ,0,0,gs
1320,부산 사상구 학감대로123번길67 ,0,0,gs
1321,부산 영도구 태종로730,0,0,gs
1322,부산 동구 중앙대로514 ,0,0,gs
1323,부산 해운대구 마린시티3로52,0,0,gs
1324,부산 해운대구 청사포로12,0,0,gs
1325,부산 해운대구 구남로10,0,0,gs
1326,부산 해운대구 달맞이길117번나길35 ,0,0,gs
1327,부산 해운대구 재반로208,0,0,gs
1328,부산 기장군 정관읍 병산2로265 ,0,0,gs
1329,부산 해운대구 해운대해변로322,0,0,gs
1330,부산 해운대구 해운대해변로83,0,0,gs
1331,부산 해운대구 달맞이길62번길8-1 ,0,0,gs
1332,부산 해운대구 해운대로608번길13 ,0,0,gs
1333,부산 해운대구 좌동순환로15번길9-8 ,0,0,gs
1334,부산 해운대구 해운대로570번길29,0,0,gs
1335,부산 해운대구 양운로53,0,0,gs
1336,부산 해운대구 좌동순환로412번길5 ,0,0,gs
1337,부산 해운대구 해운대해변로317 ,0,0,gs
1338,부산 해운대구 세실로48,0,0,gs
1339,부산 해운대구 해운대로608번길46,0,0,gs
1340,부산 해운대구 재반로152번길8-7 ,0,0,gs
1341,부산 해운대구 마린시티3로1,0,0,gs
1342,부산 해운대구 해운대해변로209번길8-3,0,0,gs
1343,부산 해운대구 중동2로14 ,0,0,gs
1344,부산 해운대구 우동1로62,0,0,gs
1345,부산 해운대구 중동1로15-2,0,0,gs
1346,부산 해운대구 해운대로123번길32 ,0,0,gs
1347,부산 해운대구 마린시티2로33,0,0,gs
1348,부산 해운대구 해운대해변로197번길18,0,0,gs
1349,부산 해운대구 세실로27번길17,0,0,gs
1350,부산 해운대구 대천로187,0,0,gs
1351,부산 해운대구 구남로22,0,0,gs
1352,부산 동래구 금강공원로2,0,0,gs
1353,부산 해운대구 마린시티1로167,0,0,gs
1354,부산 부산진구 중앙대로912 ,0,0,gs
1355,부산 북구 화명대로94번길45,0,0,gs
1356,부산 북구 금곡대로303번길22,0,0,gs
1357,부산 북구 화명대로40,0,0,gs
1358,부산 북구 용당로14 ,0,0,gs
1359,부산 북구 화명신도시로156,0,0,gs
1360,부산 북구 금곡대로285번길16,0,0,gs
1361,부산 북구 양달로6,0,0,gs
1362,부산 북구 학사로8,0,0,gs
1363,부산 북구 학사로140,0,0,gs
1364,부산 북구 산성로12번길21,0,0,gs
1365,부산 북구 학사로289,0,0,gs
1366,부산 북구 화명신도시로117,0,0,gs
1367,부산 북구 금곡대로303번길80,0,0,gs
1368,부산 북구 금곡대로285번길46,0,0,gs
1369,부산 북구 산성로28,0,0,gs
1370,부산 북구 화명신도시로100,0,0,gs
1371,부산 강서구 화전산단4로6번길14 ,0,0,gs
1372,부산 강서구 화전산단5로132번길42,0,0,gs
1373,부산 강서구 화전산단4로74,0,0,gs
1374,부산 수영구 황령산로7번길4 ,0,0,gs
1375,부산 기장군 일광면 일광로527,0,0,gs
1376,부산 해운대구 좌동순환로433번길30,0,0,gs
1377,부산광역시 강서구 제도로 750,0,0,cu
1378,부산광역시 강서구 미음산단로 9,0,0,cu
1379,부산광역시 강서구 생곡로 26 점포 ,0,0,cu
1380,부산광역시 강서구 녹산동 1492-1번지 1층,0,0,cu
1381,부산광역시 강서구 녹산동 562-4번지,0,0,cu
1382,부산광역시 강서구 대저로274번길 35,0,0,cu
1383,부산광역시 강서구 대저중앙로 353,0,0,cu
1384,부산광역시 강서구 대저중앙로 208 ,0,0,cu
1385,부산광역시 강서구 낙동북로 175 강서LPG충전소 ,0,0,cu
1386,부산광역시 강서구 공항로811번가길 60,0,0,cu
1387,부산광역시 강서구 공항앞길221번길 7,0,0,cu
1388,부산광역시 강서구 유통단지1로 41,0,0,cu
1389,부산광역시 강서구 대저2동 2798-1번지,0,0,cu
1390,부산광역시 강서구 공항진입로 108 ,0,0,cu
1391,부산광역시 강서구 경전철로 34,0,0,cu
1392,부산광역시 강서구 대저동서로 229 ,0,0,cu
1393,부산광역시 강서구 맥도강변길 905 ,0,0,cu
1394,부산광역시 강서구 맥도길 161 ,0,0,cu
1395,부산광역시 강서구 대저2동 2806-1번지,0,0,cu
1396,부산광역시 강서구 공항로569번길 22 ,0,0,cu
1397,부산광역시 강서구 유통단지1로 50,0,0,cu
1398,부산광역시 강서구 동선1길 124 ,0,0,cu
1399,부산광역시 강서구 명지오션시티11로 22,0,0,cu
1400,부산광역시 강서구 명지오션시티4로 60,0,0,cu
1401,부산광역시 강서구 명지동 1746-2번지,0,0,cu
1402,부산광역시 강서구 명지국제11로 51,0,0,cu
1403,부산광역시 강서구 명지동 1866-9번지 1층,0,0,cu
1404,부산광역시 강서구 명지동 1649-2번지,0,0,cu
1405,부산광역시 강서구 명지동 3404번지 1층,0,0,cu
1406,부산광역시 강서구 명지동 2157-3번지 1층 1동 1호,0,0,cu
1407,부산광역시 강서구 명지국제8로 240,0,0,cu
1408,부산광역시 강서구 명지동 1863-2번지,0,0,cu
1409,부산광역시 강서구 명지국제7로 133,0,0,cu
1410,부산광역시 강서구 명지동 2211번지,0,0,cu
1411,부산광역시 강서구 명지동 1094-4번지 1층,0,0,cu
1412,부산광역시 강서구 명지동 3432-3번지,0,0,cu
1413,부산광역시 강서구 명지동 3479-1,0,0,cu
1414,부산광역시 강서구 명지오션시티8로34번길 2,0,0,cu
1415,부산광역시 강서구 명지국제5로 90 ,0,0,cu
1416,부산광역시 강서구 명지오션시티11로 51,0,0,cu
1417,부산광역시 강서구 명지오션시티10로 16 ,0,0,cu
1418,부산광역시 강서구 명지오션시티6로 33 엘크루블루오션 C2동 B114호 1층,0,0,cu
1419,부산광역시 강서구 가락대로961번길 54,0,0,cu
1420,부산광역시 강서구 범방3로 76,0,0,cu
1421,부산광역시 강서구 신항남로 330 ,0,0,cu
1422,부산광역시 강서구 녹산산단232로 38-25,0,0,cu
1423,부산광역시 강서구 녹산산단335로 24-8,0,0,cu
1424,부산광역시 강서구 녹산산단335로 12-7 태흥빌딩 ,0,0,cu
1425,부산광역시 강서구 신호산단2로 33,0,0,cu
1426,부산광역시 강서구 신호산단1로 76,0,0,cu
1427,부산광역시 강서구 신호산단1로 215,0,0,cu
1428,부산광역시 강서구 신호산단1로 124,0,0,cu
1429,부산광역시 강서구 신호산단4로 27,0,0,cu
1430,부산광역시 강서구 신호산단5로 61,0,0,cu
1431,부산광역시 강서구 호계로 23 ,0,0,cu
1432,부산광역시 강서구 과학산단로306번길 10 ,0,0,cu
1433,부산광역시 강서구 과학산단2로20번길 22,0,0,cu
1434,부산광역시 강서구 과학산단2로3번길 56 ,0,0,cu
1435,부산광역시 강서구 과학산단2로20번길 69 지사금강펜테리움,0,0,cu
1436,부산광역시 강서구 거가대로 2571,0,0,cu
1437,부산광역시 강서구 가덕해안로 761 ,0,0,cu
1438,부산광역시 금정구 금단로 33,0,0,cu
1439,부산광역시 금정구 금강로 494,0,0,cu
1440,부산광역시 금정구 구서동 201-9번지,0,0,cu
1441,부산광역시 금정구 금정로233번길 81,0,0,cu
1442,부산광역시 금정구 수림로72번길 134,0,0,cu
1443,부산광역시 금정구 중앙대로1930번길 11,0,0,cu
1444,부산광역시 금정구 구서중앙로44번길 32,0,0,cu
1445,부산광역시 금정구 금강로647번길 46 ,0,0,cu
1446,부산광역시 금정구 남산동 140-1번지,0,0,cu
1447,부산광역시 금정구 범어천로38번길 4,0,0,cu
1448,부산광역시 금정구 팔송로39번길 82,0,0,cu
1449,부산광역시 금정구 남산로 11 ,0,0,cu
1450,부산광역시 금정구 학산로 1,0,0,cu
1451,부산광역시 금정구 범어천로 14,0,0,cu
1452,부산광역시 금정구 금강로633번길 49 ,0,0,cu
1453,부산광역시 금정구 금샘로485번길 65 부산외국어대학교 ,0,0,cu
1454,부산광역시 금정구 중앙대로1985번길 33 ,0,0,cu
1455,부산광역시 금정구 체육공원로 601 1층 1동,0,0,cu
1456,부산광역시 금정구 금정도서관로 108 영락공원 ,0,0,cu
1457,부산광역시 금정구 무학송로 82 ,0,0,cu
1458,부산광역시 금정구 중앙대로1778번길 37,0,0,cu
1459,부산광역시 금정구 부곡로 28,0,0,cu
1460,부산광역시 금정구 부곡로126번길 20,0,0,cu
1461,부산광역시 금정구 수림로20번길 33,0,0,cu
1462,부산광역시 금정구 중앙대로1667번길 8,0,0,cu
1463,부산광역시 금정구 중앙대로1719번길 37,0,0,cu
1464,부산광역시 금정구 동현로 50,0,0,cu
1465,부산광역시 금정구 부곡동 267-6번지,0,0,cu
1466,부산광역시 금정구 수림로 25,0,0,cu
1467,부산광역시 금정구 서곡로34번길 72 ,0,0,cu
1468,부산광역시 금정구 금사로 15,0,0,cu
1469,부산광역시 금정구 두실로15번길 90 ,0,0,cu
1470,부산광역시 금정구 서동로 131 ,0,0,cu
1471,부산광역시 금정구 개좌로 33,0,0,cu
1472,부산광역시 금정구 식물원로 64 ,0,0,cu
1473,부산광역시 금정구 수림로72번길 21,0,0,cu
1474,부산광역시 금정구 금강로321번길 61,0,0,cu
1475,부산광역시 금정구 부산대학로 45-1,0,0,cu
1476,부산광역시 금정구 장전온천천로 48 ,0,0,cu
1477,부산광역시 금정구 온천장로 143,0,0,cu
1478,부산광역시 금정구 식물원로9번길 20 ,0,0,cu
1479,부산광역시 금정구 장전로 10,0,0,cu
1480,부산광역시 금정구 장전온천천로89번길 24 ,0,0,cu
1481,부산광역시 금정구 금강로279번길 2,0,0,cu
1482,부산광역시 금정구 부산대학로64번길 147 1층,0,0,cu
1483,부산광역시 금정구 장전온천천로 127 ,0,0,cu
1484,부산광역시 금정구 금강로 209,0,0,cu
1485,부산광역시 금정구 중앙대로 2120,0,0,cu
1486,부산광역시 금정구 개좌로 233,0,0,cu
1487,부산광역시 기장군 기장읍 차성로436번길 12,0,0,cu
1488,부산광역시 기장군 기장읍 교리 326-3번지,0,0,cu
1489,부산광역시 기장군 기장읍 대청로 45,0,0,cu
1490,부산광역시 기장군 기장읍 차성동로 163,0,0,cu
1491,부산광역시 기장군 기장읍 차성로249번길 9 ,0,0,cu
1492,부산광역시 기장군 기장읍 차성남로 58,0,0,cu
1493,부산광역시 기장군 기장읍 동부산관광9로 22 ,0,0,cu
1494,부산광역시 기장군 기장읍 연화1길 21 1층 101호,0,0,cu
1495,부산광역시 기장군 기장읍 기장해안로 108 에이원오션시티 ,0,0,cu
1496,부산광역시 기장군 기장읍 차성로321번길 15 월드파크빌 1층 101호,0,0,cu
1497,부산광역시 기장군 기장읍 차성서로 102,0,0,cu
1498,부산광역시 기장군 기장읍 소정안길 68 내리휴먼시아,0,0,cu
1499,부산광역시 기장군 기장읍 기장해안로 583,0,0,cu
1500,부산광역시 기장군 기장읍 차성로326번길 13,0,0,cu
1501,부산광역시 기장군 기장읍 차성동로 63,0,0,cu
1502,부산광역시 기장군 기장읍 연화리 486-3번지,0,0,cu
1503,부산광역시 기장군 일광면 일광로 609,0,0,cu
1504,부산광역시 기장군 일광면 해빛2로 24 일광동원비스타1차,0,0,cu
1505,부산광역시 기장군 일광면 해송1로 33,0,0,cu
1506,부산광역시 기장군 일광면 삼성리 781-4번지,0,0,cu
1507,부산광역시 기장군 해빛4로 1,0,0,cu
1508,부산광역시 기장군 일광면 해빛1로 62 1층 213동 102호,0,0,cu
1509,부산광역시 기장군 일광면 이화로 166,0,0,cu
1510,부산광역시 기장군 장안읍 해맞이로 432,0,0,cu
1511,부산광역시 기장군 장안읍 명례산단3로 13-64,0,0,cu
1512,부산광역시 기장군 장안읍 장안산단9로 123,0,0,cu
1513,부산광역시 기장군 장안읍 장안로 8 팔로스프라자,0,0,cu
1514,부산광역시 기장군 정관읍 산단2로 60 ,0,0,cu
1515,부산광역시 기장군 정관읍 구연방곡로 120,0,0,cu
1516,부산광역시 기장군 정관읍 산단1로 115,0,0,cu
1517,부산광역시 기장군 정관읍 정관3로 23,0,0,cu
1518,부산광역시 기장군 정관읍 산단4로 139,0,0,cu
1519,부산광역시 기장군 정관읍 모전1길 36,0,0,cu
1520,부산광역시 기장군 정관읍 방곡2로 7,0,0,cu
1521,부산광역시 기장군 정관읍 정관2로 40 ,0,0,cu
1522,부산광역시 기장군 정관읍 정관로 925,0,0,cu
1523,부산광역시 기장군 정관읍 정관6로 39 큐엠시네마 1층 116호,0,0,cu
1524,부산광역시 기장군 정관읍 정관로 350,0,0,cu
1525,부산광역시 기장군 정관읍 정관로 829,0,0,cu
1526,부산광역시 기장군 정관읍 구연4로 20,0,0,cu
1527,부산광역시 기장군 가동3로 2,0,0,cu
1528,부산광역시 기장군 정관읍 달산2길 23,0,0,cu
1529,부산광역시 기장군 정관읍 산단4로 160,0,0,cu
1530,부산광역시 기장군 철마면 여락송정로 322,0,0,cu
1531,부산광역시 기장군 철마면 고촌로 58,0,0,cu
1532,부산광역시 남구 북항로 147 ,0,0,cu
1533,부산광역시 남구 북항로 59,0,0,cu
1534,부산광역시 남구 양지골로 340 ,0,0,cu
1535,부산광역시 남구 수영로325번길 11,0,0,cu
1536,부산광역시 남구 수영로 309 경성대학교 ,0,0,cu
1537,부산광역시 남구 수영로 312,0,0,cu
1538,부산광역시 남구 용소로7번길 6,0,0,cu
1539,부산광역시 남구 수영로 159,0,0,cu
1540,부산광역시 남구 용소로7번길 112,0,0,cu
1541,부산광역시 남구 유엔로 121 갯마을횟집 1층,0,0,cu
1542,부산광역시 남구 수영로 294 대연동동일스위트,0,0,cu
1543,부산광역시 남구 유엔평화로4번길 74,0,0,cu
1544,부산광역시 남구 용소로8번길 48 ,0,0,cu
1545,부산광역시 남구 유엔로201번길 57,0,0,cu
1546,부산광역시 남구 황령대로319번가길 159,0,0,cu
1547,부산광역시 남구 유엔평화로 16,0,0,cu
1548,부산광역시 남구 수영로220번길 8,0,0,cu
1549,부산광역시 남구 황령대로319번길 26 ,0,0,cu
1550,부산광역시 남구 용소로13번길 72 머리사랑,0,0,cu
1551,부산광역시 남구 유엔로157번길 7,0,0,cu
1552,부산광역시 남구 진남로 18,0,0,cu
1553,부산광역시 남구 대연동 1160-33번지,0,0,cu
1554,부산광역시 남구 수영로266번길 69,0,0,cu
1555,부산광역시 남구 대연동 455-22번지 부경대힉교,0,0,cu
1556,부산광역시 남구 용소로 45,0,0,cu
1557,부산광역시 남구 용소로19번길 26,0,0,cu
1558,부산광역시 남구 진남로46번길 3 더샵월드타워,0,0,cu
1559,부산광역시 남구 수영로322번길 22,0,0,cu
1560,부산광역시 남구 유엔로201번길 41,0,0,cu
1561,부산광역시 남구 문현로 36-1 ,0,0,cu
1562,부산광역시 남구 고동골로78번길 64,0,0,cu
1563,부산광역시 남구 우암로 380,0,0,cu
1564,부산광역시 남구 고동골로 70 아우성책비디오 ,0,0,cu
1565,부산광역시 남구 전포대로20번길 15 ,0,0,cu
1566,부산광역시 남구 전포대로91번길 27,0,0,cu
1567,부산광역시 남구 진남로198번길 9-1 ,0,0,cu
1568,부산광역시 남구 문현금융로 40 부산국제금융센터 1층 A동 104호,0,0,cu
1569,부산광역시 남구 수영로39번길 29-14,0,0,cu
1570,부산광역시 남구 진남로 210,0,0,cu
1571,부산광역시 남구 신선로447번길 9,0,0,cu
1572,부산광역시 남구 신선로 428,0,0,cu
1573,부산광역시 남구 신선로 294 ,0,0,cu
1574,부산광역시 남구 오륙도로 85,0,0,cu
1575,부산광역시 남구 용호로 254,0,0,cu
1576,부산광역시 남구 동명로 108 원세탁할인마트 ,0,0,cu
1577,부산광역시 남구 용호로197번길 12,0,0,cu
1578,부산광역시 남구 용호로42번길 19,0,0,cu
1579,부산광역시 남구 용호로 216,0,0,cu
1580,부산광역시 남구 동명로 171 J할인마트,0,0,cu
1581,부산광역시 남구 용호로178번길 16,0,0,cu
1582,부산광역시 남구 분포로 115,0,0,cu
1583,부산광역시 남구 용호동 954번지외 3필지 더블유스퀘어,0,0,cu
1584,부산광역시 남구 유엔로 14,0,0,cu
1585,부산광역시 남구 우암로154번길 36-7 ,0,0,cu
1586,부산광역시 동구 자성로133번길 6,0,0,cu
1587,부산광역시 동구 중앙대로 539 ,0,0,cu
1588,부산광역시 동구 조방로 42번길 2,0,0,cu
1589,부산광역시 동구 범일로 97-1,0,0,cu
1590,부산광역시 동구 자성로116번길 2,0,0,cu
1591,부산광역시 동구 범일로 41,0,0,cu
1592,부산광역시 동구 범일로90번길 12-1,0,0,cu
1593,부산광역시 동구 조방로 14,0,0,cu
1594,부산광역시 동구 중앙대로 357 ,0,0,cu
1595,부산광역시 동구 망양로 836,0,0,cu
1596,부산광역시 동구 수정로 28-1 1층,0,0,cu
1597,부산광역시 동구 진성로 75-2,0,0,cu
1598,부산광역시 동구 홍곡로 47,0,0,cu
1599,부선광역시 동구 자성로 2,0,0,cu
1600,부산광역시 동구 진성로 36,0,0,cu
1601,부산광역시 동구 중앙대로 206,0,0,cu
1602,부산광역시 동구 중앙대로196번길 10,0,0,cu
1603,부산광역시 동구 충장대로 160 ,0,0,cu
1604,부산광역시 동구 중앙대로 209 ,0,0,cu
1605,부산광역시 동구 중앙대로 243-15,0,0,cu
1606,부산광역시 동구 중앙대로286번길 4,0,0,cu
1607,부산광역시 동구 중앙대로214번길 3-2,0,0,cu
1608,부산광역시 동구 망양로 608,0,0,cu
1609,부산광역시 동구 중앙대로196번길 6-14,0,0,cu
1610,부산광역시 동구 초량중로 73-1,0,0,cu
1611,부산광역시 동구 초량중로 34,0,0,cu
1612,부산광역시 동구 고관로 40 1층 B203호,0,0,cu
1613,부산광역시 동래구 충렬대로 187 대동병원 ,0,0,cu
1614,부산광역시 동래구 명륜로 128-1 ,0,0,cu
1615,부산광역시 동래구 명륜로94번길 31,0,0,cu
1616,부산광역시 동래구 충렬대로 188-16,0,0,cu
1617,부산광역시 동래구 명륜로207번길 41 ,0,0,cu
1618,부산광역시 동래구 명륜로 202,0,0,cu
1619,부산광역시 동래구 명륜로217번길 2 ,0,0,cu
1620,부산광역시 동래구 온천천로 147,0,0,cu
1621,부산광역시 동래구 명서로 162,0,0,cu
1622,부산광역시 동래구 명안로72번길 40 ,0,0,cu
1623,부산광역시 동래구 명장로64번길 6,0,0,cu
1624,부산광역시 동래구 아시아드대로195번길 21 ,0,0,cu
1625,부산광역시 동래구 아시아드대로146번길 1 ,0,0,cu
1626,부산광역시 동래구 중앙대로1277번길 59 ,0,0,cu
1627,부산광역시 동래구 쇠미로81번길 22 ,0,0,cu
1628,부산광역시 동래구 사직동 11-9번지,0,0,cu
1629,부산광역시 동래구 석사로 46,0,0,cu
1630,부산광역시 동래구 사직북로 4,0,0,cu
1631,부산광역시 동래구 사직북로 32,0,0,cu
1632,부산광역시 동래구 여고로 8-1 ,0,0,cu
1633,부산광역시 동래구 사직북로19번길 50 ,0,0,cu
1634,부산광역시 동래구 충렬대로202번길 37,0,0,cu
1635,부산광역시 동래구 충렬대로 236,0,0,cu
1636,부산광역시 동래구 안연로 58 ,0,0,cu
1637,부산광역시 동래구 연안로 74 ,0,0,cu
1638,부산광역시 동래구 충렬대로 487,0,0,cu
1639,부산광역시 동래구 안남로 119,0,0,cu
1640,부산광역시 동래구 명안로9번길 86 ,0,0,cu
1641,부산광역시 동래구 명안로39번길 85,0,0,cu
1642,부산광역시 동래구 충렬대로410번길 45 ,0,0,cu
1643,부산광역시 동래구 삼어로 9 안락동현대아파트,0,0,cu
1644,부산광역시 동래구 중앙대로1307번길 24,0,0,cu
1645,부산광역시 동래구 충렬대로126번길 5,0,0,cu
1646,부산광역시 동래구 금정마을로 150 1층 상가 225동 106호,0,0,cu
1647,부산광역시 동래구 온천동 1775-30번지,0,0,cu
1648,부산광역시 동래구 충렬대로107번길 108,0,0,cu
1649,부산광역시 동래구 중앙대로 1324번지 동래지하철역사 내,0,0,cu
1650,부산광역시 동래구 금강공원로 31-1,0,0,cu
1651,부산광역시 동래구 온천동 1317-2번지,0,0,cu
1652,부산광역시 동래구 충렬대로108번길 37 ,0,0,cu
1653,부산광역시 동래구 아시아드대로220번길 49,0,0,cu
1654,부산광역시 동래구 중앙대로 1520 도시철도온천장역 ,0,0,cu
1655,부산광역시 동래구 중앙대로1335번길 41 ,0,0,cu
1656,부산광역시 동래구 금강로74번길 21,0,0,cu
1657,부산광역시 동래구 중앙대로 1523 ,0,0,cu
1658,부산광역시 동래구 미남로132번길 13 ,0,0,cu
1659,부산광역시 동래구 아시아드대로 234,0,0,cu
1660,부산광역시 동래구 온천장로107번길 38-5,0,0,cu
1661,부산광역시 동래구 차밭골로20번길 43 ,0,0,cu
1662,부산광역시 동래구 명륜로112번길 115,0,0,cu
1663,부산광역시 부산진구 엄광로 143 대도운수 ,0,0,cu
1664,부산광역시 부산진구 냉정로 262,0,0,cu
1665,부산광역시 부산진구 가야대로 594,0,0,cu
1666,부산광역시 부산진구 냉정로 233 ,0,0,cu
1667,부산광역시 부산진구 가야대로572번길 40,0,0,cu
1668,부산광역시 부산진구 가야대로552번길 103,0,0,cu
1669,부산광역시 부산진구 엄광로 176,0,0,cu
1670,부산광역시 부산진구 엄광로 180,0,0,cu
1671,부산광역시 부산진구 가야대로572번가길 26,0,0,cu
1672,부산광역시 부산진구 엄광로 215,0,0,cu
1673,부산광역시 부산진구 복지로13번길 20 ,0,0,cu
1674,부산광역시 부산진구 백양관문로77번길 51 ,0,0,cu
1675,부산광역시 부산진구 개금본동로9번길 77 ,0,0,cu
1676,부산광역시 부산진구 개금온정로 6,0,0,cu
1677,부산광역시 부산진구 개금동 451-12번지,0,0,cu
1678,부산광역시 부산진구 백양대로208번길 23 ,0,0,cu
1679,부산광역시 부산진구 냉정로 161,0,0,cu
1680,부산광역시 부산진구 백양대로300번길 20,0,0,cu
1681,부산광역시 부산진구 백양순환로 30,0,0,cu
1682,부산광역시 부산진구 당감로17번길 90,0,0,cu
1683,부산광역시 부산진구 백양관문로 106 ,0,0,cu
1684,부산광역시 부산진구 당감로 63 ,0,0,cu
1685,부산광역시 부산진구 가야대로 715,0,0,cu
1686,부산광역시 부산진구 백양대로136번길 41,0,0,cu
1687,부산광역시 부산진구 가야대로679번길 146 ,0,0,cu
1688,부산광역시 부산진구 범전동 386-64번지,0,0,cu
1689,부산광역시 부산진구 새싹로 82-3,0,0,cu
1690,부산광역시 부산진구 중앙대로 821 ,0,0,cu
1691,부산광역시 부산진구 범천로 22 범내골역한라비발디STUDIO422 ,0,0,cu
1692,부산광역시 부산진구 황령대로 1,0,0,cu
1693,부산광역시 부산진구 범일로192번길 54,0,0,cu
1694,부산광역시 부산진구 범일로192번길 41,0,0,cu
1695,부산광역시 부산진구 중앙대로 584,0,0,cu
1696,부산광역시 부산진구 자유평화로37번길 33,0,0,cu
1697,부산광역시 부산진구 중앙대로 621,0,0,cu
1698,부산광역시 부산진구 범일로 166,0,0,cu
1699,부산광역시 부산진구 범일로131번길 56 ,0,0,cu
1700,부산광역시 부산진구 신암로 69-1,0,0,cu
1701,부산광역시 부산진구 중앙대로 633,0,0,cu
1702,부산광역시 부산진구 황령대로 13,0,0,cu
1703,부산광역시 부산진구 동평로 113 ,0,0,cu
1704,부산광역시 부산진구 백양산로53번길 24 백양산한가족 ,0,0,cu
1705,부산광역시 부산진구 시민공원로 11,0,0,cu
1706,부산광역시 부산진구 신천대로 204,0,0,cu
1707,부산광역시 부산진구 당감로 89,0,0,cu
1708,부산광역시 부산진구 새싹로 99 서면지원더뷰파크,0,0,cu
1709,부산광역시 부산진구 시민공원로19번길 65,0,0,cu
1710,부산광역시 부산진구 중앙대로 786,0,0,cu
1711,부산광역시 부산진구 부전로111번길 14,0,0,cu
1712,부산광역시 부산진구 새싹로 14,0,0,cu
1713,부산광역시 부산진구 중앙대로 797 ,0,0,cu
1714,부산광역시 부산진구 새싹로8번길 26 ,0,0,cu
1715,부산광역시 부산진구 중앙대로691번가길 23-1,0,0,cu
1716,부산광역시 부산진구 중앙대로680번가길 18,0,0,cu
1717,부산광역시 부산진구 신천대로62번길 2,0,0,cu
1718,부산광역시 부산진구 서면문화로 6 ,0,0,cu
1719,부산광역시 부산진구 양정로 62,0,0,cu
1720,부산광역시 부산진구 중앙대로 990,0,0,cu
1721,부산광역시 부산진구 양지로 6-1,0,0,cu
1722,부산광역시 부산진구 거제대로36번길 27,0,0,cu
1723,부산광역시 부산진구 중앙대로970번길 31,0,0,cu
1724,부산광역시 부산진구 거제천로 58,0,0,cu
1725,부산광역시 부산진구 중앙대로 930,0,0,cu
1726,부산광역시 부산진구 거제대로48번길 20 ,0,0,cu
1727,부산광역시 부산진구 중앙대로969번길 16,0,0,cu
1728,부산광역시 부산진구 동평로 372,0,0,cu
1729,부산광역시 부산진구 동평로 273 금오파크뷰,0,0,cu
1730,부산광역시 부산진구 동평로183번길 88,0,0,cu
1731,부산광역시 부산진구 초연로 11 ,0,0,cu
1732,부산광역시 부산진구 전포대로200번길 46 금오추어탕 ,0,0,cu
1733,부산광역시 부산진구 전포대로 294 ,0,0,cu
1734,부산광역시 부산진구 전포대로 274,0,0,cu
1735,부산광역시 부산진구 동천로 70,0,0,cu
1736,부산광역시 부산진구 동천로132번길 34,0,0,cu
1737,부산광역시 부산진구 전포대로246번길 6,0,0,cu
1738,부산광역시 부산진구 전포대로 156 ,0,0,cu
1739,부산광역시 부산진구 전포동 694-5번지,0,0,cu
1740,부산광역시 부산진구 전포대로171번길 12,0,0,cu
1741,부산광역시 부산진구 동성로 99-2,0,0,cu
1742,부산광역시 부산진구 서전로46번길 34 ,0,0,cu
1743,부산광역시 부산진구 전포대로 159 ,0,0,cu
1744,부산광역시 부산진구 전포대로200번길 10,0,0,cu
1745,부산광역시 부산진구 성지로 160,0,0,cu
1746,부산광역시 부산진구 성지로 62 ,0,0,cu
1747,부산광역시 부산진구 성지로 102,0,0,cu
1748,부산광역시 부산진구 새싹로 276 ,0,0,cu
1749,부산광역시 부산진구 초읍동 54-2번지,0,0,cu
1750,부산광역시 북구 구남언덕로 19,0,0,cu
1751,부산광역시 북구 백양대로 1017 한성빌딩,0,0,cu
1752,부산광역시 북구 시랑로 38,0,0,cu
1753,부산광역시 북구 낙동대로1738번길 9,0,0,cu
1754,부산광역시 북구 백양대로 1156,0,0,cu
1755,부산광역시 북구 백양대로1050번길 26,0,0,cu
1756,부산광역시 북구 낙동대로 1762번길 41 1층,0,0,cu
1757,부산광역시 북구 모분재로 109 경동빌라,0,0,cu
1758,부산광역시 북구 낙동대로1694번길 26,0,0,cu
1759,부산광역시 북구 백양대로 1136 ,0,0,cu
1760,부산광역시 북구 시랑로 75,0,0,cu
1761,부산광역시 북구 팽나무로30번길 1,0,0,cu
1762,부산광역시 북구 시랑로132번길 73,0,0,cu
1763,부산광역시 북구 시랑로 162,0,0,cu
1764,부산광역시 북구 낙동북로 737 ,0,0,cu
1765,부산광역시 북구 효열로 277 대영빌딩 ,0,0,cu
1766,부산광역시 북구 금곡대로 432,0,0,cu
1767,부산광역시 북구 금곡대로616번길 57,0,0,cu
1768,부산광역시 북구 화명신도시로 255,0,0,cu
1769,부산광역시 북구 효열로 77,0,0,cu
1770,부산광역시 북구 효열로 211,0,0,cu
1771,부산광역시 북구 금곡대로470번길 29 ,0,0,cu
1772,부산광역시 북구 만덕대로 141,0,0,cu
1773,부산광역시 북구 덕천2길 44,0,0,cu
1774,부산광역시 북구 낙동대로1781번길 1 청림빌딩 1층,0,0,cu
1775,부산광역시 북구 함박봉로 22 롯데아파트,0,0,cu
1776,부산광역시 북구 만덕대로39번길 34 ,0,0,cu
1777,부산광역시 북구 의성로 123,0,0,cu
1778,부산광역시 북구 금곡대로 14,0,0,cu
1779,부산광역시 북구 의성로115번길 74 ,0,0,cu
1780,부산광역시 북구 의성로109번길 24 ,0,0,cu
1781,부산광역시 북구 만덕대로15번길 9,0,0,cu
1782,부산광역시 북구 만덕2로 9,0,0,cu
1783,부산광역시 북구 덕천로234번길 5,0,0,cu
1784,부산광역시 북구 만덕동 819-45번지,0,0,cu
1785,부산광역시 북구 상학로 36 이편한세상 금정산 1층 상가동 201호,0,0,cu
1786,부산광역시 북구 만덕2로 43,0,0,cu
1787,부산광역시 북구 만덕1로 82 ,0,0,cu
1788,부산광역시 북구 함박봉로140번길 21,0,0,cu
1789,부산광역시 북구 만덕2로44번길 72 ,0,0,cu
1790,부산광역시 북구 학사로 5,0,0,cu
1791,부산광역시 북구 화명신도시로 11 ,0,0,cu
1792,부산광역시 북구 화명대로 68,0,0,cu
1793,부산광역시 북구 양달로 78 도개공그린아파트,0,0,cu
1794,부산광역시 북구 금곡대로303번길 35,0,0,cu
1795,부산광역시 북구 산성로 33,0,0,cu
1796,부산광역시 북구 금곡대로285번길 30 ,0,0,cu
1797,부산광역시 북구 금곡대로 224 ,0,0,cu
1798,부산광역시 북구 금곡대로303번길 12,0,0,cu
1799,부산광역시 북구 금곡대로 166,0,0,cu
1800,부산광역시 북구 산성로 28 ,0,0,cu
1801,부산광역시 북구 화명대로 15,0,0,cu
1802,부산광역시 북구 화명신도시로 46,0,0,cu
1803,부산광역시 북구 산성로12번길 54,0,0,cu
1804,부산광역시 북구 화명신도시로 70 코오롱하늘채1차아파트 1층 상가2동 106호,0,0,cu
1805,부산광역시 사상구 새벽로121번길 103,0,0,cu
1806,부산광역시 사상구 새벽시장로 65 1층 1동 101호,0,0,cu
1807,부산광역시 사상구 낙동대로 988,0,0,cu
1808,부산광역시 사상구 감전동 133-5번지 1층,0,0,cu
1809,부산광역시 사상구 새벽시장로 100,0,0,cu
1810,부산광역시 사상구 새벽로167번길 36,0,0,cu
1811,부산광역시 사상구 새벽로167번길 82,0,0,cu
1812,부산광역시 사상구 광장로 22,0,0,cu
1813,부산광역시 사상구 광장로 95,0,0,cu
1814,부산광역시 사상구 사상로170번길 24 부산전자랜드 ,0,0,cu
1815,부산광역시 사상구 사상로 243,0,0,cu
1816,부산광역시 사상구 사상로 226,0,0,cu
1817,부산광역시 사상구 낙동대로1210번길 33,0,0,cu
1818,부산광역시 사상구 사상로148번길 13,0,0,cu
1819,부산광역시 사상구 사상로223번길 40,0,0,cu
1820,부산광역시 사상구 사상로 201,0,0,cu
1821,부산광역시 사상구 사상로238번길 13,0,0,cu
1822,부산광역시 사상구 사상로163번길 20 1층,0,0,cu
1823,부산광역시 사상구 사상로 203 ,0,0,cu
1824,부산광역시 사상구 백양대로700번길 140,0,0,cu
1825,부산광역시 사상구 사상로 276 불구이돈덕포지점,0,0,cu
1826,부산광역시 사상구 덕상로 58-1,0,0,cu
1827,부산광역시 사상구 백양대로804번길 31 부원파크타운,0,0,cu
1828,부산광역시 사상구 사상로 307,0,0,cu
1829,부산광역시 사상구 사상로342번길 27 ,0,0,cu
1830,부산광역시 사상구 백양대로 712,0,0,cu
1831,부산광역시 사상구 모라로110번길 47 대양빌딩 ,0,0,cu
1832,부산광역시 사상구 백양대로 906 ,0,0,cu
1833,부산광역시 사상구 사상로 512 모라리버빌 1층 102호,0,0,cu
1834,부산광역시 사상구 모라로64번길 82 ,0,0,cu
1835,부산광역시 사상구 백양대로 921-20 ,0,0,cu
1836,부산광역시 사상구 모라로51번길 51,0,0,cu
1837,부산광역시 사상구 모라로110번길 96,0,0,cu
1838,부산광역시 사상구 모라로 22 ,0,0,cu
1839,부산광역시 사상구 사상로319번길 41,0,0,cu
1840,부산광역시 사상구 낙동대로 1274,0,0,cu
1841,부산광역시 사상구 엄궁로 203,0,0,cu
1842,부산광역시 사상구 농산물시장로 22 ,0,0,cu
1843,부산광역시 사상구 농산물시장로25번길 70,0,0,cu
1844,부산광역시 사상구 엄궁북로 57,0,0,cu
1845,부산광역시 사상구 엄궁로 40,0,0,cu
1846,부산광역시 사상구 가야대로330번길 89,0,0,cu
1847,부산광역시 사상구 가야대로318번길 89,0,0,cu
1848,부산광역시 사상구 주례동 산68번지,0,0,cu
1849,부산광역시 사상구 가야대로344번길 89,0,0,cu
1850,부산광역시 사상구 주례로 10,0,0,cu
1851,부산광역시 사상구 주례로 45,0,0,cu
1852,부산광역시 사상구 가야대로 227,0,0,cu
1853,부산광역시 사상구 백양대로494번길 12,0,0,cu
1854,부산광역시 사상구 주례동 507-27번지,0,0,cu
1855,부산광역시 사상구 가야대로 326,0,0,cu
1856,부산광역시 사상구 양지로30번길 19 ,0,0,cu
1857,부산광역시 사상구 냉정로 129,0,0,cu
1858,부산광역시 사상구 가야대로366번길 56 ,0,0,cu
1859,부산광역시 사상구 새벽로77번길 3 ,0,0,cu
1860,부산광역시 사상구 학장로 107 ,0,0,cu
1861,부산광역시 사상구 대동로 102 ,0,0,cu
1862,부산광역시 사상구 학감대로 149,0,0,cu
1863,부산광역시 사상구 학감대로 120 현재빌딩,0,0,cu
1864,부산광역시 사상구 대동로 132 청파아파트,0,0,cu
1865,부산광역시 사하구 감천로 141,0,0,cu
1866,부산광역시 사하구 옥천로 43 ,0,0,cu
1867,부산광역시 사하구 감천로 45,0,0,cu
1868,부산광역시 사하구 사하로 129,0,0,cu
1869,부산광역시 사하구 낙동대로216번길 17 1층,0,0,cu
1870,부산광역시 사하구 오작로 100,0,0,cu
1871,부산광역시 사하구 낙동대로 180,0,0,cu
1872,부산광역시 사하구 대티로1번길 22 ,0,0,cu
1873,부산광역시 사하구 승학로233번길 50 ,0,0,cu
1874,부산광역시 사하구 괴정로 272,0,0,cu
1875,부산광역시 사하구 낙동대로 247,0,0,cu
1876,부산광역시 사하구 낙동대로233번길 19,0,0,cu
1877,부산광역시 사하구 낙동대로 265,0,0,cu
1878,부산광역시 사하구 오작로 10 ,0,0,cu
1879,부산광역시 사하구 낙동대로280 단지 내 상가,0,0,cu
1880,부산광역시 사하구 낙동대로 301,0,0,cu
1881,부산광역시 사하구 감천항로405번길 45 ,0,0,cu
1882,부산광역시 사하구 서포로30번길 3 ,0,0,cu
1883,부산광역시 사하구 서포로30번길 12 ,0,0,cu
1884,부산광역시 사하구 구평동 산54-1번지,0,0,cu
1885,부산광역시 사하구 다대로429번길 15,0,0,cu
1886,부산광역시 사하구 윤공단로 11,0,0,cu
1887,부산광역시 사하구 다대동로6번길 1 ,0,0,cu
1888,부산광역시 사하구 윤공단로17번길 104,0,0,cu
1889,부산광역시 사하구 다송로 23,0,0,cu
1890,부산광역시 사하구 다송로 68,0,0,cu
1891,부산광역시 사하구 다대로 440 지하1층 나동,0,0,cu
1892,부산광역시 사하구 다송로72번길 82 에스엔씨빌딩 ,0,0,cu
1893,부산광역시 사하구 다대로 394,0,0,cu
1894,부산광역시 사하구 윤공단로 123,0,0,cu
1895,부산광역시 사하구 다대로130번길 1,0,0,cu
1896,부산광역시 사하구 신산로 177-10,0,0,cu
1897,부산광역시 사하구 장평로299번길 13 삼성빌라,0,0,cu
1898,부산광역시 사하구 하신중앙로 176,0,0,cu
1899,부산광역시 사하구 하신번영로 140,0,0,cu
1900,부산광역시 사하구 비봉로 46,0,0,cu
1901,부산광역시 사하구 두송로 57,0,0,cu
1902,부산광역시 사하구 장림번영로 53,0,0,cu
1903,부산광역시 사하구 다대로1066번길 56,0,0,cu
1904,부산광역시 사하구 장림시장5길 2,0,0,cu
1905,부산광역시 사하구 장림번영로 104,0,0,cu
1906,부산광역시 사하구 다대로277번길 23,0,0,cu
1907,부산광역시 사하구 다대로 305 장림현대아파트,0,0,cu
1908,부산광역시 사하구 장평로 87,0,0,cu
1909,부산광역시 사하구 낙동대로 550번길 37 동아대학교 승학캠퍼스 한림생활관 승학1관 S15,0,0,cu
1910,부산광역시 사하구 하신번영로 423,0,0,cu
1911,부산광역시 사하구 낙동남로1357번길 24 1층,0,0,cu
1912,부산광역시 사하구 낙동남로1405번길 6,0,0,cu
1913,부산광역시 사하구 낙동대로486번길 6,0,0,cu
1914,부산광역시 사하구 낙동남로1390번길 5,0,0,cu
1915,부산광역시 사하구 낙동대로 501,0,0,cu
1916,부산광역시 사하구 괴정로 83,0,0,cu
1917,부산광역시 사하구 낙동대로549번길 29,0,0,cu
1918,부산광역시 사하구 낙동남로 1362,0,0,cu
1919,부산광역시 사하구 낙동대로457번길 12 아람빌리지오피스텔 ,0,0,cu
1920,부산광역시 사하구 하신번영로300번길 77,0,0,cu
1921,부산광역시 사하구 낙동남로 1415,0,0,cu
1922,부산광역시 사하구 낙동대로520번길 14,0,0,cu
1923,부산광역시 사하구 낙동남로1423번길 3,0,0,cu
1924,부산광역시 서구 천마로 57,0,0,cu
1925,부산광역시 서구 충무대로 229 1층,0,0,cu
1926,부산광역시 서구 충무대로 243-4 1층,0,0,cu
1927,부산광역시 서구 보수대로 166 ,0,0,cu
1928,부산광역시 서구 구덕로296번길 49,0,0,cu
1929,부산광역시 서구 대신공원로 19,0,0,cu
1930,부산광역시 서구 대신공원로 32,0,0,cu
1931,부산광역시 서구 구덕로322번길 29,0,0,cu
1932,부산광역시 서구 구덕로 224,0,0,cu
1933,부산광역시 서구 구덕로 205,0,0,cu
1934,부산광역시 서구 구덕로250번길 17,0,0,cu
1935,부산광역시 서구 부용로 28,0,0,cu
1936,부산광역시 서구 대영로38번길 11,0,0,cu
1937,부산광역시 서구 구덕로 281,0,0,cu
1938,부산광역시 서구 대영로 24,0,0,cu
1939,부산광역시 서구 꽃마을로 23 ,0,0,cu
1940,부산광역시 서구 구덕로 335-1 ,0,0,cu
1941,부산광역시 서구 꽃마을로 159,0,0,cu
1942,부산광역시 서구 대티로 159 ,0,0,cu
1943,부산광역시 서구 대영로45번길 80,0,0,cu
1944,부산광역시 서구 구덕로 165,0,0,cu
1945,부산광역시 서구 구덕로185번길 30 ,0,0,cu
1946,부산광역시 서구 까치고개로 204-1 ,0,0,cu
1947,부산광역시 서구 원양로 310,0,0,cu
1948,부산광역시 서구 충무대로 24 송도혜성주상복합빌딩,0,0,cu
1949,부산광역시 서구 감천로 255,0,0,cu
1950,부산광역시 서구 암남공원로 47-8 ,0,0,cu
1951,부산광역시 서구 송도해변로 97,0,0,cu
1952,부산광역시 서구 충무대로275번길 5,0,0,cu
1953,부산광역시 서구 천마로 201,0,0,cu
1954,부산광역시 서구 구덕로148번길 31-1,0,0,cu
1955,부산광역시 강서구 화전산단2로 68,0,0,cu
1956,부산광역시 강서구 낙동남로 526,0,0,cu
1957,부산광역시 강서구 화전산단4로 74 1층 104호,0,0,cu
1958,부산광역시 강서구 화전산단4로 74 ,0,0,cu
1959,부산광역시 수영구 광일로29번가길 37,0,0,cu
1960,부산광역시 수영구 광일로 13-3,0,0,cu
1961,부산광역시 수영구 무학로49번길 53 ,0,0,cu
1962,부산광역시 수영구 무학로33번길 4,0,0,cu
1963,부산광역시 수영구 광서로10번길 30,0,0,cu
1964,부산광역시 수영구 광안로7번길 22,0,0,cu
1965,부산광역시 수영구 광안로 20 ,0,0,cu
1966,부산광역시 수영구 광안로62번길 39,0,0,cu
1967,부산광역시 수영구 광남로 102 1층 102호,0,0,cu
1968,부산광역시 수영구 광서로 50,0,0,cu
1969,부산광역시 수영구 광안로48번길 37,0,0,cu
1970,부산광역시 수영구 광안동 165-9번지,0,0,cu
1971,부산광역시 수영구 수영로521번가길 3,0,0,cu
1972,부산광역시 수영구 망미번영로38번길 87,0,0,cu
1973,부산광역시 수영구 수영로618번길 17,0,0,cu
1974,부산광역시 수영구 수영로 712 ,0,0,cu
1975,부산광역시 수영구 무학로9번길 86,0,0,cu
1976,부산광역시 수영구 장대골로7번길 42,0,0,cu
1977,부산광역시 수영구 수영로 641 ,0,0,cu
1978,부산광역시 수영구 남천바다로9번길 27,0,0,cu
1979,부산광역시 수영구 수영로 393 ,0,0,cu
1980,부산광역시 수영구 수영로 413-1,0,0,cu
1981,부산광역시 수영구 남천동로 7,0,0,cu
1982,부산광역시 수영구 수영로388번길 37 ,0,0,cu
1983,부산광역시 수영구 수영로 493,0,0,cu
1984,부산광역시 수영구 과정로85번길 70 망미로얄베스토피아아파트,0,0,cu
1985,부산광역시 수영구 과정로42번길 55,0,0,cu
1986,부산광역시 수영구 과정로56번길 7,0,0,cu
1987,부산광역시 수영구 망미배산로18번길 21 ,0,0,cu
1988,부산광역시 수영구 망미배산로76번가길 26-19,0,0,cu
1989,부산광역시 수영구 광안해변로278번길 42 오션브릿지 ,0,0,cu
1990,부산광역시 수영구 광남로223번길 5-1 ,0,0,cu
1991,부산광역시 수영구 광남로 248,0,0,cu
1992,부산광역시 수영구 광남로258번길 35 1층,0,0,cu
1993,부산광역시 수영구 민락로 32,0,0,cu
1994,부산광역시 수영구 수영로 776,0,0,cu
1995,부산광역시 수영구 광안해변로 326번길 31,0,0,cu
1996,부산광역시 수영구 광안해변로 386,0,0,cu
1997,부산광역시 수영구 민락수변로17번길 35 ,0,0,cu
1998,부산광역시 수영구 광안해변로 279,0,0,cu
1999,부산광역시 수영구 광안해변로 273,0,0,cu
2000,부산광역시 수영구 무학로 64 1층,0,0,cu
2001,부산광역시 수영구 감포로88번길 3,0,0,cu
2002,부산광역시 수영구 광안해변로294번길 3,0,0,cu
2003,부산광역시 수영구 수영성로 2 ,0,0,cu
2004,부산광역시 수영구 구락로 8-19,0,0,cu
2005,부산광역시 연제구 세병로 74 ,0,0,cu
2006,부산광역시 연제구 해맞이로 23 거제유림아시아드,0,0,cu
2007,부산광역시 연제구 법원북로 45,0,0,cu
2008,부산광역시 연제구 교대로16번길 15,0,0,cu
2009,부산광역시 연제구 거제대로 254,0,0,cu
2010,부산광역시 연제구 명륜로 14 ,0,0,cu
2011,부산광역시 연제구 거제시장로 43 ,0,0,cu
2012,부산광역시 연제구 거제시장로 21,0,0,cu
2013,부산광역시 연제구 중앙대로 999,0,0,cu
2014,부산광역시 연제구 월드컵대로119번길 31 ,0,0,cu
2015,부산광역시 연제구 고분로 170,0,0,cu
2016,부산광역시 연제구 연제로 30,0,0,cu
2017,부산광역시 연제구 중앙대로 1001 부산광역시청,0,0,cu
2018,부산광역시 연제구 고분로 280,0,0,cu
2019,부산광역시 연제구 중앙대로1134번길 34 경보오피스텔 ,0,0,cu
2020,부산광역시 연제구 중앙대로1054번길 8,0,0,cu
2021,부산광역시 연제구 황령산로 620 ,0,0,cu
2022,부산광역시 연제구 좌수영로 225,0,0,cu
2023,부산광역시 연제구 연수로218번길 2 ,0,0,cu
2024,부산광역시 연제구 토곡남로 10,0,0,cu
2025,부산광역시 연제구 연수로 130 ,0,0,cu
2026,부산광역시 연제구 신촌로 21,0,0,cu
2027,부산광역시 연제구 과정로 273 ,0,0,cu
2028,부산광역시 연제구 중앙천로 17 ,0,0,cu
2029,부산광역시 연제구 월드컵대로 144,0,0,cu
2030,부산광역시 연제구 황령산로 615 ,0,0,cu
2031,부산광역시 연제구 연안로 16-1 ,0,0,cu
2032,부산광역시 연제구 중앙대로1120번길 15,0,0,cu
2033,부산광역시 연제구 거제천로 110,0,0,cu
2034,부산광역시 연제구 월드컵대로 153,0,0,cu
2035,부산광역시 연제구 월드컵대로153번길 21,0,0,cu
2036,부산광역시 연제구 과정로237번길 105,0,0,cu
2037,부산광역시 연제구 월드컵대로153번길 77,0,0,cu
2038,부산광역시 연제구 쌍미천로 125-1 대성빌딩 ,0,0,cu
2039,부산광역시 연제구 고분로13번길 5,0,0,cu
2040,부산광역시 연제구 배산로 29,0,0,cu
2041,부산광역시 연제구 반송로 12,0,0,cu
2042,부산광역시 영도구 남항로 25,0,0,cu
2043,부산광역시 영도구 남항동1가 1번지,0,0,cu
2044,부산광역시 영도구 절영로36번길 2,0,0,cu
2045,부산광역시 영도구 대교동1가 41-3번지,0,0,cu
2046,부산광역시 영도구 태종로100번길 3,0,0,cu
2047,부산광역시 영도구 태종로 85,0,0,cu
2048,부산광역시 영도구 태종로 97,0,0,cu
2049,부산광역시 영도구 와치로 194 고신대학교,0,0,cu
2050,부산광역시 영도구 와치로 194 고신대학교 영도캠퍼스 내 행복기숙사 1층,0,0,cu
2051,부산광역시 영도구 와치로 246,0,0,cu
2052,부산광역시 영도구 동삼로 23,0,0,cu
2053,부산광역시 영도구 동삼북로 20,0,0,cu
2054,부산광역시 영도구 중리북로 46,0,0,cu
2055,부산광역시 영도구 태종로 834,0,0,cu
2056,부산광역시 영도구 태종로 750,0,0,cu
2057,부산광역시 영도구 동삼로 56,0,0,cu
2058,부산광역시 영도구 태종로700번길 4,0,0,cu
2059,부산광역시 영도구 태종로 172 ,0,0,cu
2060,부산광역시 영도구 절영로 4,0,0,cu
2061,부산광역시 영도구 대교로2번길 22-2,0,0,cu
2062,부산광역시 영도구 봉래동4가 69-1번지,0,0,cu
2063,부산광역시 영도구 절영로13번길 64,0,0,cu
2064,부산광역시 영도구 절영로 103,0,0,cu
2065,부산광역시 영도구 해안산책길 30 ,0,0,cu
2066,부산광역시 영도구 절영로 202-2 ,0,0,cu
2067,부산광역시 영도구 해양로 69 ,0,0,cu
2068,부산광역시 영도구 청학동로 15,0,0,cu
2069,부산광역시 영도구 태종로390번길 5 ,0,0,cu
2070,부산광역시 영도구 조내기로 46,0,0,cu
2071,부산광역시 영도구 청학로 33-2,0,0,cu
2072,부산광역시 중구 태종로 4,0,0,cu
2073,부산광역시 중구 자갈치해안로 57,0,0,cu
2074,부산광역시 중구 비프광장로 35 ,0,0,cu
2075,부산광역시 중구 구덕로 54-1,0,0,cu
2076,부산광역시 중구 보수대로124번길 25-2,0,0,cu
2077,부산광역시 중구 흑교로 45,0,0,cu
2078,부산광역시 중구 광복로 22-1,0,0,cu
2079,부산광역시 중구 흑교로 11-1,0,0,cu
2080,부산광역시 중구 대청로 22,0,0,cu
2081,부산광역시 중구 대청로 71-1,0,0,cu
2082,부산광역시 중구 국제시장2길 33,0,0,cu
2083,부산광역시 중구 대영로 219,0,0,cu
2084,부산광역시 중구 영주로 14,0,0,cu
2085,부산광역시 중구 해관로 82 ,0,0,cu
2086,부산광역시 중구 대교로 157 ,0,0,cu
2087,부산광역시 중구 중앙대로137번길 7,0,0,cu
2088,부산광역시 중구 대교로 141,0,0,cu
2089,부산광역시 해운대구 신반송로 194,0,0,cu
2090,부산광역시 해운대구 반송로 869-1,0,0,cu
2091,부산광역시 해운대구 아랫반송로6번길 15,0,0,cu
2092,부산광역시 해운대구 윗반송로 81,0,0,cu
2093,부산광역시 해운대구 윗반송로35번길 40,0,0,cu
2094,부산광역시 해운대구 수영강변대로 626,0,0,cu
2095,부산광역시 해운대구 재반로256번길 29-13 1층,0,0,cu
2096,부산광역시 해운대구 선수촌로177번길 5,0,0,cu
2097,부산광역시 해운대구 반여로 161 ,0,0,cu
2098,부산광역시 해운대구 반여로155번길 35-55 ,0,0,cu
2099,부산광역시 해운대구 재반로212번길 5 가나아카데미,0,0,cu
2100,부산광역시 해운대구 반여동 753-5번지,0,0,cu
2101,부산광역시 해운대구 삼어로 61,0,0,cu
2102,부산광역시 해운대구 반여로 68-12 센텀롯데캐슬2차아파트 1층 1동 103,0,0,cu
2103,부산광역시 해운대구 선수촌로 104-16 네오플라자 ,0,0,cu
2104,부산광역시 해운대구 해운대로38번길 60,0,0,cu
2105,부산광역시 해운대구 해운대로61번길 61 델피하우스생맥주 ,0,0,cu
2106,부산광역시 해운대구 반송로525번길 25,0,0,cu
2107,부산광역시 해운대구 송정광어골로 47,0,0,cu
2108,부산광역시 해운대구 송정중앙로15번길 115,0,0,cu
2109,부산광역시 해운대구 송정중앙로33번길 30,0,0,cu
2110,부산광역시 해운대구 해운대해변로265번길 7,0,0,cu
2111,부산광역시 해운대구 센텀서로 30,0,0,cu
2112,부산광역시 해운대구 센텀중앙로 55,0,0,cu
2113,부산광역시 해운대구 해운대로383번길 70,0,0,cu
2114,부산광역시 해운대구 센텀1로 9,0,0,cu
2115,부산광역시 해운대구 센텀3로 26,0,0,cu
2116,부산광역시 해운대구 센텀동로 25,0,0,cu
2117,부산광역시 해운대구 센텀2로 20,0,0,cu
2118,부산광역시 해운대구 센텀중앙로 48,0,0,cu
2119,부산광역시 해운대구 해운대로 284,0,0,cu
2120,부산광역시 해운대구 해운대로 407,0,0,cu
2121,부산광역시 해운대구 우동3로11번길 3,0,0,cu
2122,부산광역시 해운대구 우동1로 47-1,0,0,cu
2123,부산광역시 해운대구 우동1로 109 ,0,0,cu
2124,부산광역시 해운대구 센텀3로 20,0,0,cu
2125,부산광역시 해운대구 마린시티2로 47,0,0,cu
2126,부산광역시 해운대구 마린시티1로 155,0,0,cu
2127,부산광역시 해운대구 마린시티3로 37,0,0,cu
2128,부산광역시 해운대구 해운대로 428 ,0,0,cu
2129,부산광역시 해운대구 해운대로 550,0,0,cu
2130,부산광역시 해운대구 해운대해변로 141,0,0,cu
2131,부산광역시 해운대구 마린시티2로 2 마린파크 ,0,0,cu
2132,부산광역시 해운대구 해운대로570번길 35,0,0,cu
2133,부산광역시 해운대구 구남로18번길 24,0,0,cu
2134,부산광역시 해운대구 해운대로 620,0,0,cu
2135,부산광역시 해운대구 마린시티2로 38 ,0,0,cu
2136,부산광역시 해운대구 구남로30번길 10,0,0,cu
2137,부산광역시 해운대구 해운대로 636,0,0,cu
2138,부산광역시 해운대구 해운대로570번길 17 한양수자인마린오피스텔 ,0,0,cu
2139,부산광역시 해운대구 중동1로17번길 15-7,0,0,cu
2140,부산광역시 해운대구 센텀북대로 60,0,0,cu
2141,부산광역시 해운대구 센텀동로 99,0,0,cu
2142,부산광역시 해운대구 센텀중앙로 142,0,0,cu
2143,부산광역시 해운대구 재반로125번길 30 센텀우신골든빌아파트 1층,0,0,cu
2144,부산광역시 해운대구 재송1로 12 대명오피스 ,0,0,cu
2145,부산광역시 해운대구 해운대로 153번길 20,0,0,cu
2146,부산광역시 해운대구 해운대로81번길 137,0,0,cu
2147,부산광역시 해운대구 재반로165번길 82 ,0,0,cu
2148,부산광역시 해운대구 해운대로 235 ,0,0,cu
2149,부산광역시 해운대구 재송2로74번길 6,0,0,cu
2150,부산광역시 해운대구 해운대로 785,0,0,cu
2151,부산광역시 해운대구 좌동순환로 402 ,0,0,cu
2152,부산광역시 해운대구 좌동순환로 173,0,0,cu
2153,부산광역시 해운대구 대천로103번길 29,0,0,cu
2154,부산광역시 해운대구 해운대로 790,0,0,cu
2155,부산광역시 해운대구 양운로 55,0,0,cu
2156,부산광역시 해운대구 좌동순환로 301,0,0,cu
2157,부산광역시 해운대구 양운로 88,0,0,cu
2158,부산광역시 해운대구 좌동순환로 80,0,0,cu
2159,부산광역시 해운대구 양운로 182,0,0,cu
2160,부산광역시 해운대구 세실로69번길 5,0,0,cu
2161,부산광역시 해운대구 좌동순환로217번길 19,0,0,cu
2162,부산광역시 해운대구 세실로 104,0,0,cu
2163,부산광역시 해운대구 해운대로 814 세종월드프라자,0,0,cu
2164,부산광역시 해운대구 좌동순환로 503,0,0,cu
2165,부산광역시 해운대구 해운대로781번길 20,0,0,cu
2166,부산광역시 해운대구 좌동순환로 473,0,0,cu
2167,부산광역시 해운대구 좌동순환로446번길 14 돈가야우가야,0,0,cu
2168,부산광역시 해운대구 양운로 41,0,0,cu
2169,부산광역시 해운대구 양운로 98,0,0,cu
2170,부산광역시 해운대구 청사포로 27,0,0,cu
2171,부산광역시 해운대구 좌동순환로249번길 11,0,0,cu
2172,부산광역시 해운대구 좌동순환로433번길 34,0,0,cu
2173,부산광역시 해운대구 좌동순환로 11,0,0,cu
2174,부산광역시 해운대구 양운로 56,0,0,cu
2175,부산광역시 해운대구 달맞이길 23 ,0,0,cu
2176,부산광역시 해운대구 달맞이길117번길 59,0,0,cu
2177,부산광역시 해운대구 달맞이길62번길 28 미포오션사이드호텔 ,0,0,cu
2178,부산광역시 해운대구 해운대해변로 287,0,0,cu
2179,부산광역시 해운대구 구남로 31 ,0,0,cu
2180,부산광역시 해운대구 해운대해변로298번길 24,0,0,cu
2181,부산 금정구 기찰로108번길 49,0,0,ministop
2182,부산 중구 대교로 119,0,0,ministop
2183,부산 사하구 제석로 61,0,0,ministop
2184,부산 북구 만덕1로 8,0,0,ministop
2185,부산 동래구 온천천로 157 ,0,0,ministop
2186,부산 부산진구 중앙대로979번길 18 ,0,0,ministop
2187,부산 중구 비프광장로 19-1,0,0,ministop
2188,부산 해운대구 송정중앙로6번길 118,0,0,ministop
2189,부산 동래구 연안로51번길 43,0,0,ministop
2190,부산 부산진구 신천대로65번길 9 ,0,0,ministop
2191,부산 남구 석포로 26,0,0,ministop
2192,부산 서구 고운들로153번길 24,0,0,ministop
2193,부산 금정구 금강로 528,0,0,ministop
2194,부산 부산진구 가야대로 701,0,0,ministop
2195,부산 수영구 호암로29번길 51,0,0,ministop
2196,부산 사상구 학감대로267번길 36 상가동 1층 102호,0,0,ministop
2197,부산 영도구 중리로 32,0,0,ministop
2198,부산 해운대구 마린시티1로 9,0,0,ministop
2199,부산 서구 초장로 54,0,0,ministop
2200,부산 금정구 장전온천천로 65-2,0,0,ministop
2201,부산 남구 천제등로 29,0,0,ministop
2202,부산 해운대구 해운대로61번길 90,0,0,ministop
2203,부산 기장군 정관읍 정관5로 12 상가228동 127,0,0,ministop
2204,부산 영도구 일산봉로 51,0,0,ministop
2205,부산 동래구 아시아드대로163번길 15,0,0,ministop
2206,부산 남구 유엔평화로29번길 29,0,0,ministop
2207,부산 동래구 온천장로 9,0,0,ministop
2208,부산 동래구 여고로51번길 26,0,0,ministop
2209,부산 중구 충장대로9번길 11,0,0,ministop
2210,부산 남구 유엔로183번길 64,0,0,ministop
2211,부산 서구 보수대로 202 ,0,0,ministop
2212,부산 부산진구 신천대로 191,0,0,ministop
2213,부산 연제구 안연로 33,0,0,ministop
2214,부산 남구 못골로 40-5,0,0,ministop
2215,부산 동구 중앙대로209번길 32,0,0,ministop
2216,부산 사하구 승학로 20,0,0,ministop
2217,부산 북구 만덕대로178번길 30,0,0,ministop
2218,부산 강서구 신호산단5로 73,0,0,ministop
2219,부산 사상구 광장로21번길 46,0,0,ministop
2220,부산 수영구 연수로416번길 32,0,0,ministop
2221,부산 동구 중앙대로236번길 3-12,0,0,ministop
2222,부산 남구 용소로14번길 23,0,0,ministop
2223,부산 남구 수영로334번길 23,0,0,ministop
2224,부산 금정구 학산로 16,0,0,ministop
2225,부산 사하구 두송로26번길 36 ,0,0,ministop
2226,부산 강서구 명지오션시티11로 22 ,0,0,ministop
2227,부산 수영구 남천동로 20 ,0,0,ministop
2228,부산 연제구 중앙천로25번길 100,0,0,ministop
2229,부산 부산진구 동평로150번길 14 서면동일파크스위트1차 501동 101,0,0,ministop
2230,부산 해운대구 해운대해변로298번길 24 팔레드시즈 상가 1-31호 ,0,0,ministop
2231,부산 부산진구 전포대로199번길 43,0,0,ministop
2232,부산 기장군 정관읍 정관2로 9,0,0,ministop
2233,부산 북구 학사로17번나길 31,0,0,ministop
2234,부산 동구 조방로49번길 29 ,0,0,ministop
2235,부산 부산진구 엄광로 176 ,0,0,ministop
2236,부산 수영구 광안해변로 209,0,0,ministop
2237,부산 연제구 법원로16번길 10 ,0,0,ministop
2238,부산 금정구 금샘로485번길 65 부산외국어대학교 트리니티홀 113호,0,0,ministop
2239,부산 부산진구 동천로 103,0,0,ministop
2240,부산광역시 금정구 금샘로485번길 65 부산외국어대학교 비즈니스텍 1층,0,0,ministop
2241,부산 부산진구 새싹로278번길 18,0,0,ministop
2242,부산 북구 상리로 75 ,0,0,ministop
2243,부산 사하구 하신번영로167번길 35,0,0,ministop
2244,부산 강서구 신호산단3로 55 상가동 102호,0,0,ministop
2245,부산 금정구 금정로231번길 16,0,0,ministop
2246,부산광역시 동구 초량상로 93,0,0,ministop
2247,부산 연제구 반송로 32-19,0,0,ministop
2248,부산 수영구 망미번영로 36,0,0,ministop
2249,부산 동래구 온천장로 74,0,0,ministop
2250,부산 사하구 낙동대로 410 ,0,0,ministop
2251,부산 해운대구 해운대로143번길 32,0,0,ministop
2252,부산 동래구 온천천로285번길 28 새동래3차 6동 101,0,0,ministop
2253,부산 부산진구 중앙대로680번가길 55,0,0,ministop
2254,부산 동래구 명안로85번길 45,0,0,ministop
2255,부산 부산진구 당감로 94,0,0,ministop
2256,부산 부산진구 전포대로171번길 26,0,0,ministop
2257,부산 동래구 동래로 41,0,0,ministop
2258,부산 수영구 남천동로108번길 54 ,0,0,ministop
2259,부산 해운대구 좌동순환로 502 이룸제이타워 1층 103호 ,0,0,ministop
2260,부산 해운대구 반송로 928,0,0,ministop
2261,부산 부산진구 전포대로 162,0,0,ministop
2262,부산 금정구 중앙대로 2041,0,0,ministop
2263,부산 금정구 부산대학로64번길 6,0,0,ministop
2264,부산 동래구 온천장로107번길 22,0,0,ministop
2265,부산 부산진구 가야대로 712,0,0,ministop
2266,부산 사상구 광장로 34,0,0,ministop
2267,부산광역시 금정구 금샘로485번길 65 ,0,0,ministop
2268,부산 남구 우암로 48,0,0,ministop
2269,부산 남구 수영로 283 벽산e솔렌스힐 B1층 102호,0,0,ministop
2270,부산 해운대구 양운로 59,0,0,ministop
2271,부산 영도구 절영로 14,0,0,ministop
2272,부산광역시 사하구 낙동대로549번길 5,0,0,ministop
2273,부산 동래구 충렬대로457번길 40,0,0,ministop
2274,부산 부산진구 부전로 75,0,0,ministop
2275,부산 중구 중구로29번길 41,0,0,ministop
2276,부산 사상구 사상로277번길 33,0,0,ministop
2277,부산 부산진구 황령대로18번길 23,0,0,ministop
2278,부산 수영구 망미번영로52번길 101,0,0,ministop
2279,부산 연제구 반송로 13-10,0,0,ministop
2280,부산 사상구 낙동대로916번길 29,0,0,ministop
2281,부산 해운대구 세실로27번길 19,0,0,ministop
2282,부산 동구 고관로 153,0,0,ministop
2283,부산 수영구 광안해변로358번길 14,0,0,ministop
2284,부산 북구 양달로 80-11 코오롱아파트 상가 지하1호,0,0,ministop
2285,부산 부산진구 엄광로 255-1 ,0,0,ministop
2286,부산광역시 강서구 가덕해안로 1240  ,0,0,emart24
2287,부산광역시 강서구 가덕해안로 753  ,0,0,emart24
2288,부산광역시 부산진구 엄광로 131  ,0,0,emart24
2289,부산광역시 부산진구 엄광로 170  ,0,0,emart24
2290,부산광역시 부산진구 대학로36번길57  ,0,0,emart24
2291,부산광역시 부산진구 엄광로 225  ,0,0,emart24
2292,부산광역시 사하구 암남공원로 533  ,0,0,emart24
2293,부산광역시 강서구 제도로 715  ,0,0,emart24
2294,부산광역시 강서구 맥도강변길 954  ,0,0,emart24
2295,"부산광역시 강서구 명지국제6로 107 121호,123호 ",0,0,emart24
2296,부산광역시 강서구 대저로 57  ,0,0,emart24
2297,부산광역시 강서구 범방3로68번길 1  ,0,0,emart24
2298,부산광역시 강서구 제도로 761-3  ,0,0,emart24
2299,부산광역시 강서구 제도로 985  ,0,0,emart24
2300,부산광역시 부산진구 진사로77번길3  ,0,0,emart24
2301,부산광역시 부산진구 가야대로408번길 28  ,0,0,emart24
2302,부산광역시 연제구 해맞이로57번길 3  ,0,0,emart24
2303,부산광역시 남구 수영로346번길 12 ,0,0,emart24
2304,부산광역시 남구 수영로293번길 36-6  ,0,0,emart24
2305,부산광역시 남구 수영로 238 1층 ,0,0,emart24
2306,부산광역시 수영구 광남로 122 광안경동리인아파트 105-2호 ,0,0,emart24
2307,부산광역시 수영구 광안로 49  ,0,0,emart24
2308,부산광역시 수영구 민락로34번길 62  ,0,0,emart24
2309,부산광역시 수영구 무학로21번길 105  ,0,0,emart24
2310,부산광역시 수영구 장대골로39번길 42-1  ,0,0,emart24
2311,부산광역시 수영구 수영로606번길 9 1층 ,0,0,emart24
2312,부산광역시 수영구 호암로 6  ,0,0,emart24
2313,부산광역시 사상구 사상로223번길 26  ,0,0,emart24
2314,부산광역시 사하구 사리로 71 상가 101호 ,0,0,emart24
2315,부산광역시 사하구 사하로141번길 51 1층 ,0,0,emart24
2316,부산광역시 사하구 괴정로 246,0,0,emart24
2317,부산광역시 사하구 사리로 10 ,0,0,emart24
2318,부산광역시 서구 보수대로 248  ,0,0,emart24
2319,부산광역시 금정구 중앙대로 1829  ,0,0,emart24
2320,부산광역시 사하구 을숙도대로 713  ,0,0,emart24
2321,부산광역시 북구 가람로 50 ,0,0,emart24
2322,부산광역시 북구 모분재로 15  ,0,0,emart24
2323,부산광역시 북구 낙동대로1766번길 32  ,0,0,emart24
2324,부산광역시 북구 효열로162번길 189  ,0,0,emart24
2325,부산광역시 금정구 금사로 75  ,0,0,emart24
2326,부산광역시 금정구 서금로 39  ,0,0,emart24
2327,부산광역시 기장군 기장읍 기장해안로 50  ,0,0,emart24
2328,부산광역시 기장군 장안읍 기장대로 1647-3  ,0,0,emart24
2329,부산광역시 기장군 장안읍 명례산단5로 61  ,0,0,emart24
2330,부산광역시 기장군 기장읍 차성서로 107  ,0,0,emart24
2331,부산광역시 기장군 기장읍 기장해안로 172  ,0,0,emart24
2332,부산광역시 기장군 장안읍 해맞이로 396-7 1층 ,0,0,emart24
2333,부산광역시 기장군 기장읍 죽성로 286  ,0,0,emart24
2334,부산광역시 기장군 기장읍 차성동로 112  ,0,0,emart24
2335,부산광역시 기장군 기장읍 청강로 8  ,0,0,emart24
2336,부산광역시 기장군 기장읍 차성남로51번길 7,0,0,emart24
2337,부산광역시 동래구 온천천로339번길 25,0,0,emart24
2338,부산광역시 남구 전포대로20번길 44  ,0,0,emart24
2339,부산광역시 남구 유엔평화로70번길 24  ,0,0,emart24
2340,부산광역시 금정구 금강로 679 ,0,0,emart24
2341,부산광역시 금정구 학산로13번길 35  ,0,0,emart24
2342,부산광역시 수영구 남천동로10번길 10 104 ,0,0,emart24
2343,부산광역시 수영구 광남로22번길 14  ,0,0,emart24
2344,부산광역시 수영구 남천동로 30 201-3호 ,0,0,emart24
2345,부산광역시 중구 구덕로 지하12 33호 ,0,0,emart24
2346,부산광역시 강서구 녹산산단335로 7 109호 ,0,0,emart24
2347,부산광역시 중구 충장대로 24  ,0,0,emart24
2348,부산광역시 부산진구 당감서로80번길 9  ,0,0,emart24
2349,부산광역시 부산진구 동평로 106  ,0,0,emart24
2350,부산광역시 남구 수영로219번길 8 1층 ,0,0,emart24
2351,부산광역시 남구 유엔평화로22번길 28  ,0,0,emart24
2352,부산광역시 남구 유엔로201번길 22  ,0,0,emart24
2353,부산광역시 남구 수영로 261  ,0,0,emart24
2354,부산광역시 북구 덕천로40번길 2 ,0,0,emart24
2355,부산광역시 북구 의성로115번길 92  ,0,0,emart24
2356,부산광역시 북구 금곡대로8번길 87  ,0,0,emart24
2357,부산광역시 북구 만덕대로40번길 9 ,0,0,emart24
2358,"부산광역시 북구 만덕대로 지하 39 E1,2호 ",0,0,emart24
2359,부산광역시 사상구 사상로310번길 61  ,0,0,emart24
2360,부산광역시 서구 대영로 86  ,0,0,emart24
2361,부산광역시 동래구 충렬대로 306  ,0,0,emart24
2362,부산광역시 동래구 사직북로28번길 189,0,0,emart24
2363,부산광역시 동래구 사직북로19번길 15  ,0,0,emart24
2364,부산광역시 동래구 안락로 70  ,0,0,emart24
2365,부산광역시 동래구 여고로 50-1  ,0,0,emart24
2366,부산광역시 동래구 금강로106번길 12  ,0,0,emart24
2367,부산광역시 사하구 신산북로 91  ,0,0,emart24
2368,부산광역시 해운대구 운봉길 57  ,0,0,emart24
2369,부산광역시 서구 임시수도기념로 22-9  ,0,0,emart24
2370,부산광역시 북구 만덕1로 53  ,0,0,emart24
2371,부산광역시 중구 대청로 105  ,0,0,emart24
2372,부산광역시 남구 분포로 113,0,0,emart24
2373,부산광역시 동래구 동래로57번길 36  ,0,0,emart24
2374,부산광역시 동래구 명륜로139번길 22  ,0,0,emart24
2375,부산광역시 동래구 명장로 65 상가 101호 ,0,0,emart24
2376,부산광역시 강서구 명지국제6로232번길 15  ,0,0,emart24
2377,부산광역시 강서구 명지국제5로136번길 14  ,0,0,emart24
2378,부산광역시 강서구 명지국제5로 110 314동 상가116호 ,0,0,emart24
2379,부산광역시 강서구 신호산단3로 27 ,0,0,emart24
2380,부산광역시 강서구 명지국제2로 29 상가 110호 ,0,0,emart24
2381,부산광역시 강서구 명지국제2로28번길 34 상가 101호 ,0,0,emart24
2382,부산광역시 강서구 명지오션시티4로 75  ,0,0,emart24
2383,부산광역시 강서구 명지국제7로 111 상가동 105호 ,0,0,emart24
2384,부산광역시 강서구 명지새동네길2번길 35  ,0,0,emart24
2385,부산광역시 강서구 명지오션시티8로12번길 16 ,0,0,emart24
2386,부산광역시 강서구 명지국제5로 141  ,0,0,emart24
2387,부산광역시 남구 수영로 88  ,0,0,emart24
2388,부산광역시 동래구 미남로146번길 16,0,0,emart24
2389,부산광역시 동래구 우장춘로 7 보민빌딩 101호 ,0,0,emart24
2390,부산광역시 강서구 미음산단로19  ,0,0,emart24
2391,부산광역시 강서구 미음국제3로 54  ,0,0,emart24
2392,부산광역시 수영구 민락수변로 95  ,0,0,emart24
2393,부산광역시 해운대구 신반송로 170  ,0,0,emart24
2394,부산광역시 해운대구 아랫반송로60번길 48 ,0,0,emart24
2395,부산광역시 해운대구 명장로67번길 131  ,0,0,emart24
2396,부산광역시 해운대구 반여로155번길 38  ,0,0,emart24
2397,부산광역시 해운대구 재반로242번길 12 ,0,0,emart24
2398,부산광역시 해운대구 삼어로 103  ,0,0,emart24
2399,부산광역시 금정구 중앙대로 2102 ,0,0,emart24
2400,부산광역시 동구 조방로26번길 11 동양오피스텔 102호 ,0,0,emart24
2401,부산광역시 동구 범일로 85 1층 ,0,0,emart24
2402,"부산광역시 부산진구 신암로 66 상가 101, 102호 ",0,0,emart24
2403,부산광역시 중구 흑교로 67-2  ,0,0,emart24
2404,부산광역시 남구 용소로 45  ,0,0,emart24
2405,부산광역시 남구 용소로 45 부경대학교 공학관 ,0,0,emart24
2406,부산광역시 남구 대연동 용소로21번길 56  ,0,0,emart24
2407,부산광역시 금정구 부곡로 32-12  ,0,0,emart24
2408,부산광역시 금정구 동부곡로5번길 148-3 지하동 1층 101호 ,0,0,emart24
2409,부산광역시 금정구 금강로279번길 46  ,0,0,emart24
2410,부산광역시 사하구 감천로43번길 27  ,0,0,emart24
2411,부산광역시 강서구 공항로1309번길 103  ,0,0,emart24
2412,부산광역시 강서구 낙동남로604번길 2-12  ,0,0,emart24
2413,부산광역시 강서구 범방1로 10  ,0,0,emart24
2414,부산광역시 부산진구 가야대로454  ,0,0,emart24
2415,부산광역시 수영구 무학로22번길 35  ,0,0,emart24
2416,부산광역시 사하구 사하로197번길 15 삼부로얄상가 ,0,0,emart24
2417,부산광역시 연제구 중앙대로1235번길 13  ,0,0,emart24
2418,부산광역시 사하구 을숙도대로 741,0,0,emart24
2419,부산광역시 사하구 을숙도대로709번길 22  ,0,0,emart24
2420,부산광역시 북구 효열로235번길 31  ,0,0,emart24
2421,부산광역시 금정구 반송로 476-2,0,0,emart24
2422,부산광역시 금정구 금샘로 16,0,0,emart24
2423,부산광역시 서구 해돋이로 32  ,0,0,emart24
2424,부산광역시 수영구 광남로 48-1  ,0,0,emart24
2425,부산광역시 중구 구덕로 72  ,0,0,emart24
2426,부산광역시 금정구 중앙대로 2235  ,0,0,emart24
2427,부산광역시 사하구 다대동로 45  ,0,0,emart24
2428,부산광역시 사하구 다대로 613  ,0,0,emart24
2429,부산광역시 금정구 금강로335번길 106  ,0,0,emart24
2430,부산광역시 남구 유엔로201번길 78  ,0,0,emart24
2431,부산광역시 강서구 공항앞길163번길 111  ,0,0,emart24
2432,부산광역시 금정구 금정로60번길 15  ,0,0,emart24
2433,부산광역시 금정구 금강로321번길 45  ,0,0,emart24
2434,부산광역시 금정구 금강로 248-4  ,0,0,emart24
2435,부산광역시 금정구 금강로 271-4  ,0,0,emart24
2436,부산광역시 사상구 냉정로 117  ,0,0,emart24
2437,부산광역시 사하구 낙동대로536번길 18  ,0,0,emart24
2438,부산광역시 사상구 모덕로 86,0,0,emart24
2439,부산광역시 사상구 백양대로 420 본관1층 ,0,0,emart24
2440,부산광역시 금정구 동현로 28  ,0,0,emart24
2441,부산광역시 부산진구 시민공원로19번길 36  ,0,0,emart24
2442,부산광역시 중구 흑교로 29  ,0,0,emart24
2443,부산광역시 기장군 장안읍 정관로 1133 4층 430호 ,0,0,emart24
2444,부산광역시 사하구 승학로 190  ,0,0,emart24
2445,부산광역시 부산진구 월드컵대로449번길 55  ,0,0,emart24
2446,부산광역시 연제구 연제로42번길 28-20  ,0,0,emart24
2447,부산광역시 사상구 백양대로700번길 16  ,0,0,emart24
2448,부산광역시 남구 신선로 219 1층 ,0,0,emart24
2449,부산광역시 사하구 하신번영로151번길 30  ,0,0,emart24
2450,부산광역시 사하구 장평로 339  ,0,0,emart24
2451,부산광역시 강서구 신항남로 507  ,0,0,emart24
2452,부산광역시 강서구 신호산단5로 72  ,0,0,emart24
2453,부산광역시 사상구 엄궁로 186  ,0,0,emart24
2454,부산광역시 동구 중앙대로196번길 12-7  ,0,0,emart24
2455,부산광역시 금정구 두실로 43 ,0,0,emart24
2456,부산광역시 기장군 일광면 삼성길 9-3 101호 ,0,0,emart24
2457,부산광역시 사하구 장림로 219  ,0,0,emart24
2458,부산광역시 사하구 장림번영로 38-1  ,0,0,emart24
2459,부산광역시 해운대구 세실로 126 상가동 103호 ,0,0,emart24
2460,부산광역시 중구 중앙대로41번길 14-1  ,0,0,emart24
2461,부산광역시 부산진구 신천대로220번길 77-10  ,0,0,emart24
2462,부산광역시 동구 고관로 46,0,0,emart24
2463,부산광역시 서구 초장로 8  ,0,0,emart24
2464,부산광역시 중구 대영로 224  ,0,0,emart24
2465,부산광역시 서구 까치고개로 229  ,0,0,emart24
2466,부산광역시 강서구 화전산단2로 136  ,0,0,emart24
2467,부산광역시 동구 자성공원로 23  ,0,0,emart24
2468,부산광역시 북구 상리로 49  ,0,0,emart24
2469,부산광역시 북구 백양대로995번길 11  ,0,0,emart24
2470,부산광역시 사상구 삼덕로45번길 84  ,0,0,emart24
2471,부산광역시 사상구 학감대로 257  ,0,0,emart24
2472,부산광역시 사상구 광장로38번길 17  ,0,0,emart24
2473,부산광역시 사상구 사상로202번길 24  ,0,0,emart24
2474,부산광역시 사상구 사상로243번길 13  ,0,0,emart24
2475,부산광역시 사상구 사상로489번길 41,0,0,emart24
2476,부산광역시 사상구 대동로 25  ,0,0,emart24
2477,부산광역시 사상구 광장로104번길 19  ,0,0,emart24
2478,부산광역시 동래구 아시아드대로 149-1,0,0,emart24
2479,부산광역시 사하구 낙동대로302번길 33  ,0,0,emart24
2480,부산광역시 사하구 괴정로 116 ,0,0,emart24
2481,부산광역시 사하구 다대로 263 상가104호 ,0,0,emart24
2482,부산광역시 사하구 장림번영로 96  ,0,0,emart24
2483,부산광역시 사하구 대티로 45  ,0,0,emart24
2484,부산광역시 서구 대영로45번길 68  ,0,0,emart24
2485,부산광역시 부산진구 백양대로18번길 54  ,0,0,emart24
2486,부산광역시 부산진구 전포대로275번길 19  ,0,0,emart24
2487,부산광역시 부산진구 서면로68번길35  ,0,0,emart24
2488,부산광역시 부산진구 중앙대로 672  ,0,0,emart24
2489,부산광역시 부산진구 동천로 109 106동 ,0,0,emart24
2490,부산광역시 부산진구 새싹로 35  ,0,0,emart24
2491,부산광역시 부산진구 동천로53  ,0,0,emart24
2492,부산광역시 부산진구 가야대로 702  ,0,0,emart24
2493,부산광역시 해운대구 반송로525번길 25,0,0,emart24
2494,부산광역시 해운대구 삼어로 131  ,0,0,emart24
2495,부산광역시 해운대구 해운대로61번길 64  ,0,0,emart24
2496,부산광역시 수영구 광안해변로 420 상가동 2층 209-210호 ,0,0,emart24
2497,부산광역시 해운대구 센텀중앙로 79 1층 104호 ,0,0,emart24
2498,부산광역시 해운대구 센텀1로 17 1층 103호 ,0,0,emart24
2499,부산광역시 서구 송도해변로 21  ,0,0,emart24
2500,부산광역시 서구 암남공원로 181,0,0,emart24
2501,부산광역시 서구 송도해변로 171,0,0,emart24
2502,부산광역시 서구 충무대로 56  ,0,0,emart24
2503,부산광역시 해운대구 송정강변로 9  ,0,0,emart24
2504,부산광역시 해운대구 송정중앙로36번길 70  ,0,0,emart24
2505,부산광역시 해운대구 송정해변로 16-1  ,0,0,emart24
2506,"부산광역시 해운대구 해운대로 1188 103호,104호 ",0,0,emart24
2507,부산광역시 동래구 온천천로337번길 47,0,0,emart24
2508,부산광역시 수영구 광일로29번길 19 ,0,0,emart24
2509,부산광역시 수영구 광안해변로307번길 15  ,0,0,emart24
2510,부산광역시 수영구 연수로315번길 24  ,0,0,emart24
2511,부산광역시 수영구 망미번영로70번길 38 1층 ,0,0,emart24
2512,부산광역시 수영구 수영로521번길 51  ,0,0,emart24
2513,부산광역시 수영구 망미번영로24번길 64  ,0,0,emart24
2514,부산광역시 수영구 무학로9번길 61  ,0,0,emart24
2515,부산광역시 수영구 망미번영로88번길 67  ,0,0,emart24
2516,부산광역시 수영구 좌수영로 190  ,0,0,emart24
2517,부산광역시 동구 고관로 90  ,0,0,emart24
2518,부산광역시 강서구 명지국제6로 168  ,0,0,emart24
2519,부산광역시 부산진구 백양대로320번길 4  ,0,0,emart24
2520,부산광역시 사상구 백양대로 905  ,0,0,emart24
2521,부산광역시 해운대구 센텀남대로 35 지하2층 ,0,0,emart24
2522,부산광역시 사하구 비봉로 38,0,0,emart24
2523,부산광역시 강서구 신호산단5로 47-3  ,0,0,emart24
2524,부산광역시 동래구 반송로218번길 10 101호 ,0,0,emart24
2525,부산광역시 부산진구 중앙대로928번길 11 1층 ,0,0,emart24
2526,부산광역시 부산진구 양지로 18,0,0,emart24
2527,부산광역시 부산진구 연수로 66  ,0,0,emart24
2528,부산광역시 부산진구 중앙대로970번가길 14  ,0,0,emart24
2529,부산광역시 연제구 과정로265번길 4  ,0,0,emart24
2530,부산광역시 연제구 진남로 615,0,0,emart24
2531,부산광역시 연제구 배산로 13,0,0,emart24
2532,부산광역시 연제구 중앙대로 1164  ,0,0,emart24
2533,부산광역시 연제구 월드컵대로111번길 40 1층 ,0,0,emart24
2534,부산광역시 연제구 월드컵대로92번길 1,0,0,emart24
2535,부산광역시 연제구 중앙천로 64 1층 ,0,0,emart24
2536,부산광역시 연제구 과정로 141,0,0,emart24
2537,부산광역시 연제구 과정로208번길 9  ,0,0,emart24
2538,부산광역시 연제구 마곡천로 54  ,0,0,emart24
2539,부산광역시 연제구 월드컵대로188번길 12,0,0,emart24
2540,부산광역시 부산진구 동평로235번길 33  ,0,0,emart24
2541,부산광역시 영도구 봉래나루로 82 로비층 ,0,0,emart24
2542,부산광역시 영도구 동삼로 105  ,0,0,emart24
2543,부산광역시 영도구 동삼로 55-1  ,0,0,emart24
2544,부산광역시 해운대구 아랫반송로59번길 53  ,0,0,emart24
2545,부산광역시 남구 전포대로 133 172호 ,0,0,emart24
2546,부산광역시 동래구 중앙대로1473번길 24  ,0,0,emart24
2547,부산광역시 동래구 중앙대로1493번길 16  ,0,0,emart24
2548,부산광역시 동래구 온천천로 471  ,0,0,emart24
2549,부산광역시 금정구 오시게로54번길 2  ,0,0,emart24
2550,부산광역시 동래구 여고북로123번길 28  ,0,0,emart24
2551,부산광역시 남구 동명로131번길 55  ,0,0,emart24
2552,부산광역시 남구 용호로216번가길 40 103호 ,0,0,emart24
2553,부산광역시 북구 효열로 1 근린생활동 102호 ,0,0,emart24
2554,부산광역시 남구 수영로 164,0,0,emart24
2555,부산광역시 기장군 일광면 해송1로 33 상가동 205호 ,0,0,emart24
2556,부산광역시 기장군 일광면 해빛2로 24 상가동 101-102호 ,0,0,emart24
2557,부산광역시 기장군 일광면 해빛6로 99  ,0,0,emart24
2558,부산광역시 기장군 일광면 해빛6로 61-13  ,0,0,emart24
2559,부산광역시 기장군 일광면 해송4로 21  ,0,0,emart24
2560,부산광역시 기장군 일광면 일역길 86-1  ,0,0,emart24
2561,부산광역시 해운대구 해운대로781번길 16  ,0,0,emart24
2562,부산광역시 기장군 장안읍 장안산단7로 10  ,0,0,emart24
2563,부산광역시 금정구 중앙대로1719번길 23 101호 ,0,0,emart24
2564,부산광역시 금정구 수림로75번길 2  ,0,0,emart24
2565,부산광역시 해운대구 해운대로177번길 34  ,0,0,emart24
2566,부산광역시 해운대구 재송2로28번길 39  ,0,0,emart24
2567,부산광역시 부산진구 동천로 134  ,0,0,emart24
2568,부산광역시 부산진구 서전로58번길 22  ,0,0,emart24
2569,부산광역시 부산진구 진남로 354 1층 ,0,0,emart24
2570,부산광역시 부산진구 전포대로186  ,0,0,emart24
2571,부산광역시 기장군 정관읍 정관1로 18  ,0,0,emart24
2572,부산광역시 기장군 정관읍 정관6로 31  ,0,0,emart24
2573,부산광역시 동구 범일로 119  ,0,0,emart24
2574,부산광역시 해운대구 세실로 19  ,0,0,emart24
2575,부산광역시 사상구 가야대로 378  ,0,0,emart24
2576,부산광역시 사상구 가야대로366번길 119  ,0,0,emart24
2577,부산광역시 중구 동영로 101  ,0,0,emart24
2578,부산광역시 동구 중앙대로 313  ,0,0,emart24
2579,부산광역시 동구 중앙대로179번길 12  ,0,0,emart24
2580,부산광역시 동구 중앙대로286번길 7-8  ,0,0,emart24
2581,부산광역시 중구 중구로 154,0,0,emart24
2582,부산광역시 해운대구 해운대해변로357번길 5-1 2층 201호 ,0,0,emart24
2583,부산광역시 연제구 좌수영로 241  ,0,0,emart24
2584,부산광역시 사하구 하신번영로 233 가락타운상가 227동 108~109호 ,0,0,emart24
2585,부산광역시 사하구 낙동대로549번길 53  ,0,0,emart24
2586,부산광역시 사하구 동매로 66  ,0,0,emart24
2587,부산광역시 사하구 낙동대로563번안길 68,0,0,emart24
2588,부산광역시 사하구 동매로29번길 17  ,0,0,emart24
2589,부산광역시 사하구 하신번영로328번길 25  ,0,0,emart24
2590,부산광역시 사하구 하신번영로 302  ,0,0,emart24
2591,부산광역시 사상구 대동로 106  ,0,0,emart24
2592,부산광역시 사상구 학감대로 105-21  ,0,0,emart24
2593,부산광역시 기장군 기장읍 용궁길 62-7  ,0,0,emart24
2594,부산광역시 영도구 태종로 727  ,0,0,emart24
2595,부산광역시 영도구 태종로 727 해양대학교 산학허브관 ,0,0,emart24
2596,부산광역시 영도구 태종로 727 한국해양대학교 어울림관 1층 ,0,0,emart24
2597,부산광역시 해운대구 달맞이길117번가길 105  ,0,0,emart24
2598,부산광역시 해운대구 대천로 103번길 47  ,0,0,emart24
2599,부산광역시 해운대구 해운대로 540  ,0,0,emart24
2600,부산광역시 해운대구 구남로 9 1층 104호 ,0,0,emart24
2601,부산광역시 해운대구 해운대해변로 117 상기동 116호 ,0,0,emart24
2602,부산광역시 해운대구 해운대로 723 마브러스오피스텔107호 ,0,0,emart24
2603,부산광역시 해운대구 재반로 224-1  ,0,0,emart24
2604,부산광역시 해운대구 해운대로 584  ,0,0,emart24
2605,부산광역시 해운대구 해운대로 663  ,0,0,emart24
2606,부산광역시 해운대구 센텀중앙로 145 상가2동 103-126-127호 ,0,0,emart24
2607,부산광역시 해운대구 반송로 619  ,0,0,emart24
2608,부산광역시 해운대구 해운대로570번길 46  ,0,0,emart24
2609,부산광역시 해운대구 해운대해변로 203  ,0,0,emart24
2610,부산광역시 해운대구 우동1로71번길 6-13  ,0,0,emart24
2611,부산광역시 해운대구 중동2로34번길 6  ,0,0,emart24
2612,부산광역시 해운대구 우동1로20번가길 31  ,0,0,emart24
2613,부산광역시 해운대구 삼어로 55 분산상가동 101호 ,0,0,emart24
2614,부산광역시 해운대구 우동2로 93  ,0,0,emart24
2615,부산광역시 북구 금곡대로 228  ,0,0,emart24
2616,부산광역시 강서구 화전산단4로30번길 25-16  ,0,0,emart24
2617,부산광역시 해운대구 해운대로 601  ,0,0,emart24
2618,부산광역시 강서구 범방3로72번길 21  ,0,0,emart24
2619,부산광역시 강서구 호계로 7  ,0,0,emart24
2620,부산광역시 사하구 사하로 189  ,0,0,emart24
2621,부산광역시 해운대구 해운대해변로 292  ,0,0,emart24
2622,부산광역시 기장군 기장읍 차성남로89번길 7  ,0,0,emart24
2623,부산광역시 기장군 장안읍 해맞이로 243  ,0,0,emart24
2624,"부산광역시 남구 수영로325번길 61 상가 102,103호 ",0,0,emart24
2625,부산광역시 동구 범일로102번길 16-14  ,0,0,emart24
2626,부산광역시 연제구 거제천로269번길 31  ,0,0,emart24
2627,부산광역시 동래구 안연로 68  ,0,0,emart24
2628,부산광역시 수영구 수영로606번길 126  ,0,0,emart24
2629,부산광역시 강서구 명지국제8로 246 110호 ,0,0,emart24
2630,부산광역시 강서구 미음산단로 137  ,0,0,emart24
2631,부산광역시 해운대구 선수촌로 145  ,0,0,emart24
2632,부산광역시 남구 용소로 45 부경대학교 가온관 ,0,0,emart24
2633,부산광역시 서구 암남공원로 1  ,0,0,emart24
2634,부산광역시 강서구 과학산단2로20번길 69  ,0,0,emart24
2635,부산광역시 부산진구 새싹로 186  ,0,0,emart24
2636,부산광역시 동래구 석사로 32  ,0,0,emart24
2637,부산광역시 연제구 쌍미천로162번길 26  ,0,0,emart24
2638,부산광역시 영도구 함지로 6  ,0,0,emart24
2639,부산광역시 남구 전포대로 133 오슬로파크 116-120호 ,0,0,emart24
2640,부산광역시 해운대구 청사포로 129  ,0,0,emart24
2641,부산광역시 동구 중앙대로 240  ,0,0,emart24
2642,부산광역시 강서구 공항진입로 165  ,0,0,emart24
2643,부산광역시 강서구 낙동북로 294 대저역 역사안 ,0,0,emart24
2644,부산광역시 사상구 광장로 83  ,0,0,emart24
2645,부산광역시 연제구 거제대로 295  ,0,0,emart24
2646,부산광역시 기장군 정관읍 정관중앙로 48  ,0,0,emart24
2647,부산광역시 수영구 민락수변로 141  ,0,0,emart24
2648,부산광역시 북구 만덕대로 72  ,0,0,emart24
2649,부산광역시 사하구 장평로 242  ,0,0,emart24
2650,부산광역시 해운대구 해운대로 794 108호 ,0,0,emart24
