address,latitude,longitude,cvs
부산 금정구 기찰로108번길 49,0,0,ministop
부산 중구 대교로 119,0,0,ministop
부산 사하구 제석로 61,0,0,ministop
부산 북구 만덕1로 8,0,0,ministop
부산 동래구 온천천로 157 ,0,0,ministop
부산 부산진구 중앙대로979번길 18 ,0,0,ministop
부산 중구 비프광장로 19-1,0,0,ministop
부산 해운대구 송정중앙로6번길 118,0,0,ministop
부산 동래구 연안로51번길 43,0,0,ministop
부산 부산진구 신천대로65번길 9 ,0,0,ministop
부산 남구 석포로 26,0,0,ministop
부산 서구 고운들로153번길 24,0,0,ministop
부산 금정구 금강로 528,0,0,ministop
부산 부산진구 가야대로 701,0,0,ministop
부산 수영구 호암로29번길 51,0,0,ministop
부산 사상구 학감대로267번길 36 상가동 1층 102호,0,0,ministop
부산 영도구 중리로 32,0,0,ministop
부산 해운대구 마린시티1로 9,0,0,ministop
부산 서구 초장로 54,0,0,ministop
부산 금정구 장전온천천로 65-2,0,0,ministop
부산 남구 천제등로 29,0,0,ministop
부산 해운대구 해운대로61번길 90,0,0,ministop
부산 기장군 정관읍 정관5로 12 상가228동 127,0,0,ministop
부산 영도구 일산봉로 51,0,0,ministop
부산 동래구 아시아드대로163번길 15,0,0,ministop
부산 남구 유엔평화로29번길 29,0,0,ministop
부산 동래구 온천장로 9,0,0,ministop
부산 동래구 여고로51번길 26,0,0,ministop
부산 중구 충장대로9번길 11,0,0,ministop
부산 남구 유엔로183번길 64,0,0,ministop
부산 서구 보수대로 202 ,0,0,ministop
부산 부산진구 신천대로 191,0,0,ministop
부산 연제구 안연로 33,0,0,ministop
부산 남구 못골로 40-5,0,0,ministop
부산 동구 중앙대로209번길 32,0,0,ministop
부산 사하구 승학로 20,0,0,ministop
부산 북구 만덕대로178번길 30,0,0,ministop
부산 강서구 신호산단5로 73,0,0,ministop
부산 사상구 광장로21번길 46,0,0,ministop
부산 수영구 연수로416번길 32,0,0,ministop
부산 동구 중앙대로236번길 3-12,0,0,ministop
부산 남구 용소로14번길 23,0,0,ministop
부산 남구 수영로334번길 23,0,0,ministop
부산 금정구 학산로 16,0,0,ministop
부산 사하구 두송로26번길 36 ,0,0,ministop
부산 강서구 명지오션시티11로 22 ,0,0,ministop
부산 수영구 남천동로 20 ,0,0,ministop
부산 연제구 중앙천로25번길 100,0,0,ministop
부산 부산진구 동평로150번길 14 서면동일파크스위트1차 501동 101,0,0,ministop
부산 해운대구 해운대해변로298번길 24 팔레드시즈 상가 1-31호 ,0,0,ministop
부산 부산진구 전포대로199번길 43,0,0,ministop
부산 기장군 정관읍 정관2로 9,0,0,ministop
부산 북구 학사로17번나길 31,0,0,ministop
부산 동구 조방로49번길 29 ,0,0,ministop
부산 부산진구 엄광로 176 ,0,0,ministop
부산 수영구 광안해변로 209,0,0,ministop
부산 연제구 법원로16번길 10 ,0,0,ministop
부산 금정구 금샘로485번길 65 부산외국어대학교 트리니티홀 113호,0,0,ministop
부산 부산진구 동천로 103,0,0,ministop
부산광역시 금정구 금샘로485번길 65 부산외국어대학교 비즈니스텍 1층,0,0,ministop
부산 부산진구 새싹로278번길 18,0,0,ministop
부산 북구 상리로 75 ,0,0,ministop
부산 사하구 하신번영로167번길 35,0,0,ministop
부산 강서구 신호산단3로 55 상가동 102호,0,0,ministop
부산 금정구 금정로231번길 16,0,0,ministop
부산광역시 동구 초량상로 93,0,0,ministop
부산 연제구 반송로 32-19,0,0,ministop
부산 수영구 망미번영로 36,0,0,ministop
부산 동래구 온천장로 74,0,0,ministop
부산 사하구 낙동대로 410 ,0,0,ministop
부산 해운대구 해운대로143번길 32,0,0,ministop
부산 동래구 온천천로285번길 28 새동래3차 6동 101,0,0,ministop
부산 부산진구 중앙대로680번가길 55,0,0,ministop
부산 동래구 명안로85번길 45,0,0,ministop
부산 부산진구 당감로 94,0,0,ministop
부산 부산진구 전포대로171번길 26,0,0,ministop
부산 동래구 동래로 41,0,0,ministop
부산 수영구 남천동로108번길 54 ,0,0,ministop
부산 해운대구 좌동순환로 502 이룸제이타워 1층 103호 ,0,0,ministop
부산 해운대구 반송로 928,0,0,ministop
부산 부산진구 전포대로 162,0,0,ministop
부산 금정구 중앙대로 2041,0,0,ministop
부산 금정구 부산대학로64번길 6,0,0,ministop
부산 동래구 온천장로107번길 22,0,0,ministop
부산 부산진구 가야대로 712,0,0,ministop
부산 사상구 광장로 34,0,0,ministop
부산광역시 금정구 금샘로485번길 65 ,0,0,ministop
부산 남구 우암로 48,0,0,ministop
부산 남구 수영로 283 벽산e솔렌스힐 B1층 102호,0,0,ministop
부산 해운대구 양운로 59,0,0,ministop
부산 영도구 절영로 14,0,0,ministop
부산광역시 사하구 낙동대로549번길 5,0,0,ministop
부산 동래구 충렬대로457번길 40,0,0,ministop
부산 부산진구 부전로 75,0,0,ministop
부산 중구 중구로29번길 41,0,0,ministop
부산 사상구 사상로277번길 33,0,0,ministop
부산 부산진구 황령대로18번길 23,0,0,ministop
부산 수영구 망미번영로52번길 101,0,0,ministop
부산 연제구 반송로 13-10,0,0,ministop
부산 사상구 낙동대로916번길 29,0,0,ministop
부산 해운대구 세실로27번길 19,0,0,ministop
부산 동구 고관로 153,0,0,ministop
부산 수영구 광안해변로358번길 14,0,0,ministop
부산 북구 양달로 80-11 코오롱아파트 상가 지하1호,0,0,ministop
부산 부산진구 엄광로 255-1 ,0,0,ministop
